league,season,phase,home,away,hg,ag,corrected,ksi_id
besta,2019,main,FH,Grindavík,3,0,0,625562
besta,2019,main,Breiðablik,KR,1,2,0,632467
besta,2019,main,Stjarnan,ÍBV,3,2,0,740868
besta,2019,main,ÍA,Víkingur R.,1,5,0,744260
besta,2019,main,Valur,HK,2,0,0,753779
besta,2019,main,KA,Fylkir,4,2,0,756814
besta,2019,main,KR,FH,3,2,0,757437
besta,2019,main,Fylkir,Stjarnan,1,4,0,754233
besta,2019,main,Grindavík,Valur,2,2,0,756588
besta,2019,main,HK,ÍA,1,1,0,727825
besta,2019,main,Víkingur R.,KA,2,3,0,686316
besta,2019,main,ÍBV,Breiðablik,1,1,0,692231
besta,2019,main,Fylkir,Víkingur R.,3,1,0,754298
besta,2019,main,FH,ÍBV,6,4,0,625418
besta,2019,main,Breiðablik,Stjarnan,1,1,0,632211
besta,2019,main,Valur,KR,0,1,0,753665
besta,2019,main,ÍA,Grindavík,1,1,0,744367
besta,2019,main,KA,HK,1,1,0,756661
besta,2019,main,Breiðablik,Fylkir,4,3,0,632213
besta,2019,main,KR,ÍA,2,0,0,757441
besta,2019,main,ÍBV,Valur,2,1,0,692287
besta,2019,main,HK,Víkingur R.,1,3,0,729133
besta,2019,main,Stjarnan,FH,1,3,0,739574
besta,2019,main,Grindavík,KA,0,2,0,756594
besta,2019,main,Fylkir,HK,3,2,0,754180
besta,2019,main,Valur,Stjarnan,2,2,0,753639
besta,2019,main,FH,Breiðablik,2,4,0,625360
besta,2019,main,Víkingur R.,Grindavík,1,0,0,683773
besta,2019,main,KA,KR,0,0,0,757230
besta,2019,main,ÍA,ÍBV,2,1,0,744182
besta,2019,main,Breiðablik,Valur,3,3,0,632224
besta,2019,main,KR,Víkingur R.,1,0,0,757429
besta,2019,main,Stjarnan,ÍA,3,1,0,741393
besta,2019,main,FH,Fylkir,2,1,0,625357
besta,2019,main,Grindavík,HK,1,1,0,756592
besta,2019,main,ÍBV,KA,1,1,0,692303
besta,2019,main,Fylkir,Grindavík,2,1,0,754347
besta,2019,main,Valur,FH,2,3,0,753672
besta,2019,main,ÍA,Breiðablik,1,2,0,744382
besta,2019,main,KA,Stjarnan,4,2,0,757229
besta,2019,main,Víkingur R.,ÍBV,3,1,0,683076
besta,2019,main,HK,KR,4,1,0,726734
besta,2019,main,Stjarnan,Víkingur R.,2,1,0,739040
besta,2019,main,Valur,Fylkir,1,0,0,753615
besta,2019,main,Breiðablik,KA,4,0,0,632231
besta,2019,main,FH,ÍA,1,0,0,625355
besta,2019,main,KR,Grindavík,5,2,0,757501
besta,2019,main,ÍBV,HK,0,1,0,692305
besta,2019,main,Víkingur R.,Breiðablik,3,2,0,682342
besta,2019,main,HK,Stjarnan,1,1,0,729210
besta,2019,main,ÍA,Valur,1,2,0,744048
besta,2019,main,Fylkir,KR,1,4,0,754171
besta,2019,main,KA,FH,1,0,0,757228
besta,2019,main,Grindavík,ÍBV,2,1,0,756602
besta,2019,main,HK,FH,2,0,0,729150
besta,2019,main,Breiðablik,Grindavík,0,0,0,632260
besta,2019,main,Víkingur R.,Valur,2,2,0,686364
besta,2019,main,KR,Stjarnan,2,2,0,757525
besta,2019,main,KA,ÍA,1,1,0,757227
besta,2019,main,Fylkir,ÍBV,3,0,0,754255
besta,2019,main,Grindavík,ÍA,1,1,0,756600
besta,2019,main,Víkingur R.,Fylkir,1,1,0,685528
besta,2019,main,HK,KA,2,1,0,728485
besta,2019,main,ÍBV,FH,1,2,0,692481
besta,2019,main,FH,Víkingur R.,1,0,0,625347
besta,2019,main,Breiðablik,HK,1,2,0,632422
besta,2019,main,ÍBV,KR,1,2,0,692334
besta,2019,main,ÍA,Fylkir,2,0,0,744222
besta,2019,main,Stjarnan,Grindavík,0,0,0,740198
besta,2019,main,Valur,KA,3,1,0,753771
besta,2019,main,Grindavík,FH,0,0,0,756604
besta,2019,main,KR,Breiðablik,2,0,0,757493
besta,2019,main,Víkingur R.,ÍA,0,0,0,686221
besta,2019,main,HK,Valur,1,2,0,728922
besta,2019,main,Fylkir,KA,3,2,0,754365
besta,2019,main,ÍBV,Stjarnan,0,2,0,692337
besta,2019,main,FH,KR,1,2,0,625317
besta,2019,main,KA,Víkingur R.,3,4,0,757226
besta,2019,main,Valur,Grindavík,1,0,0,753698
besta,2019,main,Stjarnan,Fylkir,5,1,0,740558
besta,2019,main,ÍA,HK,0,2,0,744174
besta,2019,main,Breiðablik,ÍBV,3,1,0,632499
besta,2019,main,KR,Valur,3,2,0,757458
besta,2019,main,Stjarnan,Breiðablik,1,3,0,741329
besta,2019,main,KA,Grindavík,2,1,0,757225
besta,2019,main,Valur,ÍBV,5,0,0,753628
besta,2019,main,ÍA,KR,1,3,0,744162
besta,2019,main,Víkingur R.,HK,2,1,0,685136
besta,2019,main,FH,Stjarnan,2,2,0,625310
besta,2019,main,Fylkir,Breiðablik,4,3,0,754266
besta,2019,main,HK,Fylkir,1,2,0,728008
besta,2019,main,Stjarnan,Valur,2,1,0,738929
besta,2019,main,Breiðablik,FH,4,1,0,631164
besta,2019,main,ÍBV,ÍA,3,2,0,691749
besta,2019,main,KR,KA,1,0,0,757421
besta,2019,main,Grindavík,Víkingur R.,0,0,0,756599
besta,2019,main,Valur,Breiðablik,0,1,0,753820
besta,2019,main,Fylkir,FH,2,2,0,754108
besta,2019,main,ÍA,Stjarnan,2,0,0,744287
besta,2019,main,Víkingur R.,KR,0,1,0,752345
besta,2019,main,KA,ÍBV,2,0,0,757224
besta,2019,main,HK,Grindavík,0,0,0,727915
besta,2019,main,FH,Valur,3,2,0,625216
besta,2019,main,KR,HK,3,2,0,757530
besta,2019,main,Grindavík,Fylkir,1,0,0,756595
besta,2019,main,Breiðablik,ÍA,0,1,0,631248
besta,2019,main,Stjarnan,KA,0,2,0,739832
besta,2019,main,ÍBV,Víkingur R.,1,1,0,691848
besta,2019,main,Grindavík,KR,2,1,0,756598
besta,2019,main,Fylkir,Valur,0,1,0,754125
besta,2019,main,HK,ÍBV,2,0,0,729089
besta,2019,main,ÍA,FH,2,0,0,744252
besta,2019,main,Víkingur R.,Stjarnan,3,4,0,752356
besta,2019,main,KA,Breiðablik,0,1,0,757223
besta,2019,main,KR,Fylkir,1,1,0,757510
besta,2019,main,Valur,ÍA,1,2,0,753638
besta,2019,main,ÍBV,Grindavík,2,2,0,691799
besta,2019,main,Breiðablik,Víkingur R.,3,1,0,754111
besta,2019,main,Stjarnan,HK,1,0,0,739805
besta,2019,main,FH,KA,3,2,0,625191
besta,2019,main,Víkingur R.,FH,1,1,0,752439
besta,2019,main,Fylkir,ÍA,2,2,0,754104
besta,2019,main,Grindavík,Stjarnan,1,1,0,756601
besta,2019,main,KR,ÍBV,3,0,0,757505
besta,2019,main,KA,Valur,1,0,0,757222
besta,2019,main,HK,Breiðablik,2,2,0,729119
besta,2019,main,Stjarnan,KR,1,1,0,739415
besta,2019,main,ÍA,KA,3,1,0,744164
besta,2019,main,FH,HK,2,0,0,625183
besta,2019,main,ÍBV,Fylkir,0,3,0,691794
besta,2019,main,Grindavík,Breiðablik,0,2,0,756603
besta,2019,main,Valur,Víkingur R.,3,3,0,753703
besta,2020,main,Víkingur R.,Fylkir,0,0,0,687187
besta,2020,main,HK,KA,0,0,0,728205
besta,2020,main,Stjarnan,Breiðablik,0,0,0,739816
besta,2020,main,ÍA,Fjölnir,0,0,0,744256
besta,2020,main,Grótta,KR,0,0,0,750596
besta,2020,main,Valur,FH,0,0,0,753626
besta,2020,main,Grótta,Stjarnan,0,0,0,750594
besta,2020,main,Fylkir,ÍA,0,0,0,754130
besta,2020,main,KA,Valur,0,0,0,757213
besta,2020,main,Fjölnir,HK,0,0,0,712984
besta,2020,main,Breiðablik,Víkingur R.,0,0,0,631261
besta,2020,main,FH,KR,0,0,0,621298
besta,2020,main,HK,Fylkir,0,0,0,728215
besta,2020,main,Valur,Fjölnir,0,0,0,753824
besta,2020,main,Grótta,FH,0,0,0,750593
besta,2020,main,Víkingur R.,Stjarnan,0,0,0,687140
besta,2020,main,ÍA,Breiðablik,0,0,0,744275
besta,2020,main,KR,KA,0,0,0,757511
besta,2020,main,Stjarnan,KR,0,0,0,739742
besta,2020,main,Fjölnir,KR,0,0,0,712958
besta,2020,main,Breiðablik,HK,0,0,0,631258
besta,2020,main,Stjarnan,ÍA,0,0,0,739844
besta,2020,main,Fylkir,Valur,0,0,0,754151
besta,2020,main,KA,FH,0,0,0,757212
besta,2020,main,Víkingur R.,Grótta,0,0,0,687148
besta,2020,main,Breiðablik,Fylkir,4,1,0,631032
besta,2020,main,Valur,Grótta,6,0,0,753790
besta,2020,main,Stjarnan,Fjölnir,1,0,0,739642
besta,2020,main,HK,KR,1,1,0,728147
besta,2020,main,ÍA,FH,0,4,0,744137
besta,2020,main,Víkingur R.,KA,2,2,0,687445
besta,2020,main,Stjarnan,FH,1,1,0,739616
besta,2020,main,Víkingur R.,KR,0,2,0,687482
besta,2020,main,Breiðablik,KA,1,1,0,630949
besta,2020,main,HK,Stjarnan,2,3,0,728225
besta,2020,main,Valur,Breiðablik,1,1,0,753810
besta,2020,main,Grótta,KA,2,4,0,750592
besta,2020,main,ÍA,Víkingur R.,2,2,0,744293
besta,2020,main,FH,Fjölnir,1,0,0,621301
besta,2020,main,KR,Fylkir,1,2,0,757514
besta,2020,main,Fylkir,Víkingur R.,2,1,0,754172
besta,2020,main,Breiðablik,Stjarnan,2,1,0,631223
besta,2020,main,FH,Valur,1,4,0,621279
besta,2020,main,Fjölnir,ÍA,1,2,0,752106
besta,2020,main,KR,Grótta,1,1,0,757491
besta,2020,main,KA,HK,1,1,0,757219
besta,2020,main,Víkingur R.,HK,1,1,0,687207
besta,2020,main,Breiðablik,KR,0,2,0,631182
besta,2020,main,Stjarnan,Valur,1,5,0,739860
besta,2020,main,Fylkir,FH,1,4,0,754158
besta,2020,main,ÍA,Grótta,3,0,0,744296
besta,2020,main,Fjölnir,KA,1,1,0,751975
besta,2020,main,ÍA,Valur,2,4,0,744124
besta,2020,main,FH,Víkingur R.,1,0,0,621274
besta,2020,main,Grótta,Fjölnir,2,2,0,750587
besta,2020,main,Valur,Víkingur R.,2,0,0,753762
besta,2020,main,HK,ÍA,3,2,0,728142
besta,2020,main,FH,Breiðablik,3,1,0,621315
besta,2020,main,KA,Fylkir,2,0,0,757211
besta,2020,main,KR,Stjarnan,1,2,0,757468
besta,2020,main,Fjölnir,Breiðablik,1,4,0,752073
besta,2020,main,Grótta,Fylkir,0,2,0,750624
besta,2020,main,Valur,HK,1,0,0,753774
besta,2020,main,KR,ÍA,4,1,0,757482
besta,2020,main,KA,Stjarnan,0,0,0,757221
besta,2020,main,HK,Grótta,3,0,0,728143
besta,2020,main,Stjarnan,KA,1,1,0,739771
besta,2020,main,KR,Valur,4,5,0,757487
besta,2020,main,Fylkir,Fjölnir,2,0,0,754224
besta,2020,main,KA,ÍA,2,2,0,757220
besta,2020,main,FH,HK,4,0,0,621276
besta,2020,main,Fylkir,Stjarnan,1,1,0,754196
besta,2020,main,Grótta,Breiðablik,0,1,0,750621
besta,2020,main,Fjölnir,Víkingur R.,1,1,0,752085
besta,2020,main,FH,Stjarnan,1,2,0,621287
besta,2020,main,Víkingur R.,Breiðablik,2,4,0,687415
besta,2020,main,HK,Fjölnir,3,1,0,728151
besta,2020,main,ÍA,Fylkir,3,2,0,744150
besta,2020,main,Valur,KA,1,0,0,753816
besta,2020,main,Stjarnan,Grótta,1,1,0,739645
besta,2020,main,KR,FH,1,2,0,757492
besta,2020,main,Stjarnan,Víkingur R.,1,1,0,739661
besta,2020,main,FH,Grótta,2,1,0,621280
besta,2020,main,Fjölnir,Valur,1,3,0,751966
besta,2020,main,Fylkir,HK,3,2,0,754150
besta,2020,main,Breiðablik,ÍA,5,3,0,631399
besta,2020,main,KA,KR,0,0,0,757218
besta,2020,main,HK,Breiðablik,1,0,0,728159
besta,2020,main,Valur,Fylkir,3,0,0,753655
besta,2020,main,Grótta,Víkingur R.,1,1,0,750615
besta,2020,main,ÍA,Stjarnan,1,2,0,744181
besta,2020,main,KR,Fjölnir,2,2,0,757496
besta,2020,main,FH,KA,0,0,0,621281
besta,2020,main,Breiðablik,Valur,1,2,0,631394
besta,2020,main,Víkingur R.,ÍA,6,2,0,687334
besta,2020,main,Fylkir,KR,0,3,0,754329
besta,2020,main,KA,Grótta,1,0,0,757217
besta,2020,main,Fjölnir,FH,0,3,0,752095
besta,2020,main,Stjarnan,HK,4,1,0,739712
besta,2020,main,FH,Fylkir,1,2,0,621283
besta,2020,main,Valur,Stjarnan,0,0,0,753692
besta,2020,main,KR,Breiðablik,3,1,0,757503
besta,2020,main,KA,Fjölnir,1,1,0,757216
besta,2020,main,HK,Víkingur R.,0,2,0,728168
besta,2020,main,Grótta,ÍA,0,4,0,750609
besta,2020,main,Fylkir,KA,4,1,0,754275
besta,2020,main,Breiðablik,FH,3,3,0,631348
besta,2020,main,ÍA,HK,2,2,0,744207
besta,2020,main,Fjölnir,Grótta,0,3,0,751960
besta,2020,main,Víkingur R.,Valur,1,5,0,687267
besta,2020,main,KA,Breiðablik,2,2,0,757215
besta,2020,main,KR,Víkingur R.,2,0,0,757504
besta,2020,main,Grótta,HK,4,4,0,750602
besta,2020,main,Fjölnir,Fylkir,1,2,0,752024
besta,2020,main,Valur,ÍA,1,4,0,753708
besta,2020,main,Fylkir,Grótta,2,0,0,754270
besta,2020,main,Víkingur R.,FH,4,1,0,687223
besta,2020,main,Breiðablik,Fjölnir,3,1,0,631327
besta,2020,main,ÍA,KR,1,2,0,744225
besta,2020,main,HK,Valur,0,4,0,728189
besta,2020,main,FH,ÍA,2,1,0,621294
besta,2020,main,Fylkir,Breiðablik,0,1,0,754346
besta,2020,main,Fjölnir,Stjarnan,1,4,0,752097
besta,2020,main,KR,HK,0,3,0,757507
besta,2020,main,Grótta,Valur,0,3,0,750600
besta,2020,main,KA,Víkingur R.,0,0,0,757214
besta,2020,main,Stjarnan,Fylkir,2,1,0,739802
besta,2020,main,Víkingur R.,Fjölnir,1,1,0,687196
besta,2020,main,Breiðablik,Grótta,3,0,0,631267
besta,2020,main,HK,FH,2,3,0,728200
besta,2020,main,ÍA,KA,3,1,0,744242
besta,2020,main,Valur,KR,0,1,0,753641
besta,2021,main,Breiðablik,HK,3,0,0,631466
besta,2021,main,Víkingur R.,Leiknir R.,2,0,0,684203
besta,2021,main,Stjarnan,KR,0,2,0,739321
besta,2021,main,Fylkir,Valur,0,6,0,754140
besta,2021,main,KA,FH,2,2,0,757197
besta,2021,main,Keflavík,ÍA,2,3,0,762084
besta,2021,main,HK,Stjarnan,1,0,0,729256
besta,2021,main,Valur,KA,1,4,0,753825
besta,2021,main,KR,Víkingur R.,1,2,0,757439
besta,2021,main,FH,Breiðablik,1,0,0,622404
besta,2021,main,ÍA,Fylkir,5,0,0,743899
besta,2021,main,Leiknir R.,Keflavík,0,1,0,760471
besta,2021,main,Stjarnan,FH,0,4,0,739336
besta,2021,main,Breiðablik,Valur,3,0,0,631659
besta,2021,main,Víkingur R.,HK,3,0,0,684192
besta,2021,main,ÍA,Leiknir R.,3,1,0,743905
besta,2021,main,Keflavík,KR,0,2,0,762083
besta,2021,main,KA,Fylkir,2,0,0,757196
besta,2021,main,HK,Keflavík,1,0,0,729252
besta,2021,main,Fylkir,Breiðablik,0,7,0,754135
besta,2021,main,KR,Leiknir R.,2,1,0,757432
besta,2021,main,FH,Víkingur R.,1,2,0,622406
besta,2021,main,KA,ÍA,3,0,0,757195
besta,2021,main,Valur,Stjarnan,1,2,0,753613
besta,2021,main,ÍA,KR,0,2,0,743911
besta,2021,main,FH,Keflavík,0,0,0,622418
besta,2021,main,KA,Breiðablik,0,2,0,757191
besta,2021,main,Stjarnan,Fylkir,2,0,0,739343
besta,2021,main,Leiknir R.,HK,0,0,0,760474
besta,2021,main,Víkingur R.,Valur,2,1,0,684182
besta,2021,main,Breiðablik,KA,2,0,0,631772
besta,2021,main,Keflavík,FH,0,5,0,762082
besta,2021,main,Fylkir,Víkingur R.,0,3,0,754132
besta,2021,main,HK,KR,0,1,0,729251
besta,2021,main,Breiðablik,ÍA,2,1,0,631817
besta,2021,main,Valur,Keflavík,2,1,0,753617
besta,2021,main,FH,Leiknir R.,5,0,0,622408
besta,2021,main,KA,Stjarnan,2,1,0,757194
besta,2021,main,Stjarnan,Breiðablik,1,3,0,739355
besta,2021,main,ÍA,HK,4,1,0,743917
besta,2021,main,Keflavík,Fylkir,1,1,0,762081
besta,2021,main,KR,FH,1,1,0,757417
besta,2021,main,Leiknir R.,Valur,1,0,0,760477
besta,2021,main,Víkingur R.,KA,2,2,0,684170
besta,2021,main,FH,HK,2,4,0,622410
besta,2021,main,Valur,KR,1,0,0,753621
besta,2021,main,Stjarnan,ÍA,4,0,0,739359
besta,2021,main,Fylkir,Leiknir R.,0,0,0,754123
besta,2021,main,KA,Keflavík,2,1,0,757193
besta,2021,main,Breiðablik,Víkingur R.,4,0,0,631885
besta,2021,main,KR,Fylkir,4,0,0,757387
besta,2021,main,Keflavík,Breiðablik,2,0,0,762080
besta,2021,main,HK,Valur,0,3,0,729244
besta,2021,main,Víkingur R.,Stjarnan,3,2,0,684164
besta,2021,main,ÍA,FH,0,3,0,743925
besta,2021,main,Leiknir R.,KA,0,1,0,760482
besta,2021,main,Leiknir R.,Stjarnan,2,0,0,760486
besta,2021,main,Keflavík,Víkingur R.,1,2,0,762079
besta,2021,main,KR,Breiðablik,1,1,0,757384
besta,2021,main,FH,Fylkir,1,0,0,622412
besta,2021,main,KA,HK,2,0,0,757192
besta,2021,main,ÍA,Valur,2,1,0,743927
besta,2021,main,HK,Víkingur R.,0,0,0,729239
besta,2021,main,Fylkir,KA,2,1,0,754117
besta,2021,main,KR,Keflavík,1,0,0,757376
besta,2021,main,Leiknir R.,ÍA,2,0,0,760491
besta,2021,main,Fylkir,HK,1,2,0,754120
besta,2021,main,KA,KR,1,2,0,587188
besta,2021,main,Víkingur R.,ÍA,1,0,0,684157
besta,2021,main,Breiðablik,Leiknir R.,4,0,0,632184
besta,2021,main,Stjarnan,Keflavík,2,3,0,739362
besta,2021,main,Valur,FH,2,0,0,753629
besta,2021,main,ÍA,Keflavík,2,2,0,743932
besta,2021,main,KR,Stjarnan,1,2,0,757381
besta,2021,main,Leiknir R.,Víkingur R.,2,1,0,760488
besta,2021,main,Valur,Fylkir,1,1,0,753630
besta,2021,main,HK,Breiðablik,2,3,0,729241
besta,2021,main,FH,KA,1,1,0,622415
besta,2021,main,Víkingur R.,KR,1,1,0,684148
besta,2021,main,Breiðablik,FH,4,0,0,632466
besta,2021,main,Keflavík,Leiknir R.,1,0,0,762078
besta,2021,main,Fylkir,ÍA,3,1,0,754118
besta,2021,main,Stjarnan,HK,2,1,0,739374
besta,2021,main,KA,Valur,0,1,0,587187
besta,2021,main,FH,Stjarnan,1,1,0,622417
besta,2021,main,Valur,Breiðablik,3,1,0,753635
besta,2021,main,ÍA,KA,0,2,0,743937
besta,2021,main,Keflavík,HK,2,0,0,762077
besta,2021,main,Leiknir R.,KR,0,2,0,760493
besta,2021,main,Stjarnan,Valur,2,1,0,739382
besta,2021,main,Víkingur R.,FH,2,0,0,684122
besta,2021,main,Breiðablik,Fylkir,2,0,0,631005
besta,2021,main,Valur,Víkingur R.,1,1,0,753642
besta,2021,main,Fylkir,Stjarnan,1,1,0,754113
besta,2021,main,HK,Leiknir R.,2,1,0,729231
besta,2021,main,KR,ÍA,3,1,0,757375
besta,2021,main,KR,HK,1,1,0,757374
besta,2021,main,Leiknir R.,FH,2,1,0,760496
besta,2021,main,Víkingur R.,Fylkir,2,2,0,684114
besta,2021,main,ÍA,Breiðablik,2,3,0,743939
besta,2021,main,Stjarnan,KA,0,1,0,739384
besta,2021,main,Keflavík,Valur,1,2,0,762076
besta,2021,main,FH,KR,0,2,0,622419
besta,2021,main,Valur,Leiknir R.,1,0,0,753644
besta,2021,main,Fylkir,Keflavík,4,2,0,754109
besta,2021,main,Breiðablik,Stjarnan,4,0,0,631097
besta,2021,main,KA,Víkingur R.,0,1,0,587186
besta,2021,main,HK,ÍA,1,3,0,729226
besta,2021,main,HK,FH,1,3,0,729224
besta,2021,main,ÍA,Stjarnan,0,0,0,743948
besta,2021,main,KR,Valur,2,3,0,757372
besta,2021,main,Keflavík,KA,1,4,0,762075
besta,2021,main,Leiknir R.,Fylkir,3,0,0,760500
besta,2021,main,Víkingur R.,Breiðablik,3,0,0,684086
besta,2021,main,Breiðablik,Keflavík,4,0,0,631286
besta,2021,main,FH,ÍA,5,1,0,622420
besta,2021,main,Stjarnan,Víkingur R.,2,3,0,739397
besta,2021,main,Valur,HK,3,2,0,753598
besta,2021,main,Fylkir,KR,1,1,0,754356
besta,2021,main,KA,Leiknir R.,3,0,0,587175
besta,2021,main,FH,Valur,1,1,0,622427
besta,2021,main,Keflavík,Stjarnan,2,0,0,762074
besta,2021,main,Leiknir R.,Breiðablik,3,3,0,760505
besta,2021,main,HK,Fylkir,2,2,0,729219
besta,2021,main,ÍA,Víkingur R.,1,1,0,743952
besta,2021,main,KR,KA,1,3,0,757494
besta,2021,main,Breiðablik,KR,0,2,0,631311
besta,2021,main,Víkingur R.,Keflavík,1,0,0,684067
besta,2021,main,Stjarnan,Leiknir R.,0,0,0,739401
besta,2021,main,Fylkir,FH,0,2,0,754354
besta,2021,main,HK,KA,0,0,0,729218
besta,2021,main,Valur,ÍA,2,0,0,753602
besta,2022,main,Breiðablik,ÍBV,3,0,0,632017
besta,2022,main,Víkingur R.,KR,2,2,0,684239
besta,2022,main,Fram,Keflavík,4,8,0,735029
besta,2022,main,Stjarnan,FH,2,1,0,741868
besta,2022,main,ÍA,Leiknir R.,1,2,0,743328
besta,2022,main,Valur,KA,0,1,0,753657
besta,2022,main,KA,Breiðablik,2,1,0,757167
besta,2022,main,KR,Stjarnan,3,1,0,757431
besta,2022,main,Leiknir R.,Valur,1,0,0,760684
besta,2022,main,Keflavík,Víkingur R.,0,3,0,762042
besta,2022,main,ÍBV,Fram,2,2,0,691788
besta,2022,main,FH,ÍA,6,1,0,623130
besta,2022,main,Víkingur R.,Leiknir R.,9,0,0,686932
besta,2022,main,Breiðablik,Valur,1,0,0,632019
besta,2022,main,Stjarnan,Keflavík,0,2,0,741862
besta,2022,main,Fram,KA,2,2,0,735026
besta,2022,main,ÍA,KR,4,4,0,744411
besta,2022,main,Leiknir R.,FH,0,0,0,760690
besta,2022,main,Víkingur R.,ÍBV,2,2,0,687040
besta,2022,main,Valur,Fram,1,1,0,753658
besta,2022,main,Breiðablik,Leiknir R.,4,0,0,632021
besta,2022,main,KR,FH,0,0,0,757438
besta,2022,main,Keflavík,ÍA,0,1,0,762041
besta,2022,main,KA,Víkingur R.,2,3,0,757166
besta,2022,main,ÍBV,Stjarnan,3,1,0,691791
besta,2022,main,Víkingur R.,Valur,2,2,0,687013
besta,2022,main,Fram,Breiðablik,0,2,0,735025
besta,2022,main,FH,Keflavík,3,0,0,623131
besta,2022,main,Leiknir R.,KR,4,3,0,760693
besta,2022,main,Stjarnan,KA,2,4,0,741859
besta,2022,main,ÍA,ÍBV,2,1,0,744380
besta,2022,main,Fram,Leiknir R.,4,1,0,735024
besta,2022,main,Breiðablik,Víkingur R.,1,1,0,632023
besta,2022,main,Keflavík,KR,0,0,0,762040
besta,2022,main,Valur,Stjarnan,6,1,0,753666
besta,2022,main,KA,ÍA,3,0,0,757165
besta,2022,main,ÍBV,FH,4,1,0,691793
besta,2022,main,ÍA,Valur,1,2,0,744079
besta,2022,main,Leiknir R.,Keflavík,1,2,0,760702
besta,2022,main,Fram,Víkingur R.,3,3,0,735020
besta,2022,main,Stjarnan,Breiðablik,5,2,0,741833
besta,2022,main,FH,KA,0,3,0,623132
besta,2022,main,KR,ÍBV,4,0,0,757451
besta,2022,main,Valur,FH,2,0,0,753668
besta,2022,main,Fram,Stjarnan,2,2,0,735019
besta,2022,main,KA,KR,0,1,0,757164
besta,2022,main,Breiðablik,ÍA,3,1,0,632027
besta,2022,main,ÍBV,Keflavík,2,2,0,691813
besta,2022,main,Stjarnan,Víkingur R.,2,2,0,741820
besta,2022,main,KR,Valur,3,3,0,757446
besta,2022,main,ÍA,Fram,0,4,0,743664
besta,2022,main,FH,Breiðablik,0,0,0,623133
besta,2022,main,Keflavík,KA,1,3,0,762039
besta,2022,main,Leiknir R.,ÍBV,1,4,0,760708
besta,2022,main,KR,Fram,1,1,0,757442
besta,2022,main,ÍA,Stjarnan,0,3,0,743466
besta,2022,main,Keflavík,Breiðablik,2,3,0,762038
besta,2022,main,Leiknir R.,KA,0,5,0,760719
besta,2022,main,ÍBV,Valur,3,2,0,691815
besta,2022,main,FH,Víkingur R.,0,3,0,623134
besta,2022,main,Fram,FH,1,0,0,735012
besta,2022,main,Stjarnan,Leiknir R.,0,3,0,741815
besta,2022,main,Valur,Keflavík,0,3,0,753671
besta,2022,main,KA,ÍBV,4,3,0,757163
besta,2022,main,Víkingur R.,ÍA,3,2,0,686883
besta,2022,main,FH,Stjarnan,1,1,0,623135
besta,2022,main,Leiknir R.,ÍA,1,0,0,760731
besta,2022,main,KA,Valur,1,1,0,757162
besta,2022,main,Keflavík,Fram,3,1,0,762037
besta,2022,main,ÍBV,Breiðablik,0,0,0,691816
besta,2022,main,KR,Víkingur R.,0,3,0,757412
besta,2022,main,Breiðablik,KR,4,0,0,632030
besta,2022,main,ÍA,FH,1,1,0,743380
besta,2022,main,Valur,Leiknir R.,2,1,0,753674
besta,2022,main,Breiðablik,KA,4,1,0,632033
besta,2022,main,Stjarnan,KR,1,1,0,741809
besta,2022,main,Fram,ÍBV,3,3,0,735005
besta,2022,main,Valur,Breiðablik,3,2,0,753675
besta,2022,main,Keflavík,Stjarnan,2,2,0,762036
besta,2022,main,FH,Leiknir R.,2,2,0,623136
besta,2022,main,KA,Fram,2,2,0,757161
besta,2022,main,KR,ÍA,3,3,0,757383
besta,2022,main,ÍBV,Víkingur R.,0,3,0,691817
besta,2022,main,FH,KR,2,3,0,623137
besta,2022,main,Leiknir R.,Breiðablik,1,2,0,760788
besta,2022,main,ÍA,Keflavík,0,2,0,743279
besta,2022,main,Stjarnan,ÍBV,1,0,0,741792
besta,2022,main,Víkingur R.,KA,2,1,0,686824
besta,2022,main,Fram,Valur,3,2,0,598517
besta,2022,main,Breiðablik,Fram,4,3,0,632039
besta,2022,main,Valur,Víkingur R.,1,3,0,753684
besta,2022,main,Keflavík,FH,2,1,0,762035
besta,2022,main,KR,Leiknir R.,1,1,0,757373
besta,2022,main,KA,Stjarnan,0,2,0,586507
besta,2022,main,ÍBV,ÍA,0,0,0,691818
besta,2022,main,Víkingur R.,Breiðablik,0,3,0,686803
besta,2022,main,KR,Keflavík,1,0,0,757498
besta,2022,main,Leiknir R.,Fram,1,2,0,760207
besta,2022,main,Stjarnan,Valur,1,0,0,741786
besta,2022,main,ÍA,KA,0,3,0,744395
besta,2022,main,FH,ÍBV,2,0,0,623138
besta,2022,main,Víkingur R.,Fram,4,1,0,686776
besta,2022,main,Keflavík,Leiknir R.,3,0,0,762034
besta,2022,main,Valur,ÍA,4,0,0,753691
besta,2022,main,KA,FH,1,0,0,586508
besta,2022,main,Breiðablik,Stjarnan,3,2,0,632040
besta,2022,main,ÍBV,KR,1,2,0,691819
besta,2022,main,Leiknir R.,Víkingur R.,0,0,0,760210
besta,2022,main,KR,KA,0,0,0,757497
besta,2022,main,Stjarnan,Fram,1,1,0,741782
besta,2022,main,Keflavík,ÍBV,3,3,0,762033
besta,2022,main,ÍA,Breiðablik,1,5,0,744378
besta,2022,main,FH,Valur,2,2,0,623139
besta,2022,main,Fram,ÍA,1,1,0,598516
besta,2022,main,Víkingur R.,Stjarnan,4,5,0,686740
besta,2022,main,KA,Keflavík,3,2,0,586510
besta,2022,main,Breiðablik,FH,3,0,0,632042
besta,2022,main,ÍBV,Leiknir R.,1,1,0,691822
besta,2022,main,Valur,KR,2,1,0,753695
besta,2022,main,Víkingur R.,Keflavík,4,1,0,686848
besta,2022,main,FH,Fram,4,2,0,623140
besta,2022,main,KR,Breiðablik,0,1,0,757478
besta,2022,main,ÍA,Víkingur R.,3,0,0,744353
besta,2022,main,Keflavík,Valur,0,1,0,762032
besta,2022,main,Leiknir R.,Stjarnan,0,3,0,760220
besta,2022,main,ÍBV,KA,0,3,0,691826
besta,2022,main,Fram,KR,1,4,0,598515
besta,2022,main,KA,Leiknir R.,1,0,0,586514
besta,2022,main,Breiðablik,Keflavík,4,1,0,632057
besta,2022,main,Stjarnan,ÍA,2,2,0,741778
besta,2022,main,Valur,ÍBV,2,1,0,753702
besta,2022,main,Víkingur R.,FH,2,1,0,686712
besta,2022,efri,Breiðablik,Víkingur R.,1,0,0,631339
besta,2022,efri,KA,Valur,2,0,0,757154
besta,2022,efri,KR,Stjarnan,0,2,0,757427
besta,2022,efri,Víkingur R.,KR,2,2,0,687776
besta,2022,efri,Stjarnan,KA,0,3,0,741696
besta,2022,efri,Valur,Breiðablik,2,5,0,753667
besta,2022,efri,Valur,Stjarnan,3,0,0,753663
besta,2022,efri,Breiðablik,KR,0,1,0,631344
besta,2022,efri,Víkingur R.,KA,2,2,0,687771
besta,2022,efri,Stjarnan,Víkingur R.,2,1,0,741692
besta,2022,efri,KR,Valur,2,1,0,757506
besta,2022,efri,KA,Breiðablik,1,2,0,757153
besta,2022,efri,Víkingur R.,Valur,3,2,0,687748
besta,2022,efri,Breiðablik,Stjarnan,3,0,0,631345
besta,2022,efri,KA,KR,1,0,0,757152
besta,2022,nedri,ÍBV,Leiknir R.,1,0,0,691785
besta,2022,nedri,FH,ÍA,1,2,0,623121
besta,2022,nedri,Keflavík,Fram,4,0,0,762045
besta,2022,nedri,Fram,FH,3,0,0,735052
besta,2022,nedri,ÍA,ÍBV,3,2,0,744002
besta,2022,nedri,Leiknir R.,Keflavík,1,7,0,754114
besta,2022,nedri,Fram,ÍBV,1,3,0,735048
besta,2022,nedri,Keflavík,FH,2,3,0,762044
besta,2022,nedri,Leiknir R.,ÍA,2,2,0,760460
besta,2022,nedri,ÍBV,Keflavík,2,1,0,691786
besta,2022,nedri,FH,Leiknir R.,4,2,0,623126
besta,2022,nedri,ÍA,Fram,3,2,0,743492
besta,2022,nedri,ÍBV,FH,2,1,0,691787
besta,2022,nedri,Fram,Leiknir R.,3,2,0,735046
besta,2022,nedri,Keflavík,ÍA,3,2,0,762043
besta,2023,main,Fram,Víkingur R.,2,3,0,598263
besta,2023,main,Breiðablik,FH,0,2,0,631346
besta,2023,main,ÍBV,KR,2,2,0,691745
besta,2023,main,Stjarnan,Keflavík,3,0,0,739170
besta,2023,main,Valur,HK,4,1,0,753712
besta,2023,main,Fylkir,KA,1,1,0,754286
besta,2023,main,FH,KA,0,3,0,623725
besta,2023,main,HK,ÍBV,2,2,0,727713
besta,2023,main,Víkingur R.,Breiðablik,5,3,0,686721
besta,2023,main,KR,Fylkir,2,0,0,757400
besta,2023,main,Keflavík,Fram,0,0,0,762008
besta,2023,main,FH,Valur,3,2,0,623720
besta,2023,main,KA,Stjarnan,2,1,0,757142
besta,2023,main,Stjarnan,KR,3,1,0,739181
besta,2023,main,HK,FH,2,2,0,727712
besta,2023,main,Valur,Víkingur R.,0,4,0,753718
besta,2023,main,Breiðablik,Keflavík,2,1,0,631221
besta,2023,main,Fram,KA,2,1,0,598262
besta,2023,main,ÍBV,Fylkir,0,1,0,691744
besta,2023,main,Fylkir,Stjarnan,0,4,0,754223
besta,2023,main,Víkingur R.,HK,6,1,0,686732
besta,2023,main,KR,Fram,3,2,0,757399
besta,2023,main,Keflavík,Valur,1,1,0,762007
besta,2023,main,FH,ÍBV,2,1,0,623723
besta,2023,main,KA,Breiðablik,1,1,0,757141
besta,2023,main,HK,Keflavík,3,1,0,727710
besta,2023,main,FH,Víkingur R.,1,3,0,623724
besta,2023,main,Fram,Fylkir,1,1,0,598261
besta,2023,main,Valur,KA,4,2,0,753728
besta,2023,main,Breiðablik,KR,3,4,0,631104
besta,2023,main,ÍBV,Stjarnan,0,2,0,691742
besta,2023,main,KR,Valur,0,4,0,757398
besta,2023,main,Keflavík,FH,2,3,0,762006
besta,2023,main,Víkingur R.,ÍBV,6,0,0,686739
besta,2023,main,KA,HK,1,1,0,757140
besta,2023,main,Breiðablik,Stjarnan,1,1,0,630930
besta,2023,main,Stjarnan,Fram,4,0,0,739190
besta,2023,main,FH,Fylkir,2,4,0,623726
besta,2023,main,Keflavík,KA,3,4,0,762004
besta,2023,main,KR,Víkingur R.,1,2,0,757396
besta,2023,main,Valur,Fram,1,0,0,753753
besta,2023,main,HK,Stjarnan,1,1,0,727695
besta,2023,main,Breiðablik,ÍBV,3,1,0,632506
besta,2023,main,Fylkir,HK,0,0,0,754192
besta,2023,main,KR,FH,1,0,0,757397
besta,2023,main,Stjarnan,Valur,2,0,0,739199
besta,2023,main,ÍBV,Keflavík,1,1,0,691740
besta,2023,main,Fram,Breiðablik,0,1,0,598260
besta,2023,main,HK,KR,1,1,0,727709
besta,2023,main,Valur,Fylkir,2,1,0,753733
besta,2023,main,Keflavík,Víkingur R.,3,3,0,762005
besta,2023,main,ÍBV,Fram,1,0,0,691741
besta,2023,main,Breiðablik,Fylkir,5,1,0,631024
besta,2023,main,Stjarnan,FH,5,0,0,739298
besta,2023,main,Fylkir,Víkingur R.,1,3,0,754318
besta,2023,main,KR,Keflavík,2,0,0,757394
besta,2023,main,Fram,HK,3,2,0,598259
besta,2023,main,ÍBV,KA,2,0,0,691739
besta,2023,main,Víkingur R.,Stjarnan,2,0,0,686766
besta,2023,main,KR,KA,2,0,0,757393
besta,2023,main,ÍBV,Valur,0,3,0,691738
besta,2023,main,HK,Breiðablik,5,2,0,727672
besta,2023,main,FH,Fram,4,0,0,623727
besta,2023,main,Keflavík,Fylkir,1,1,0,762003
besta,2023,main,Keflavík,Stjarnan,1,1,0,762002
besta,2023,main,Víkingur R.,Fram,3,1,0,686771
besta,2023,main,HK,Valur,0,5,0,727671
besta,2023,main,FH,Breiðablik,2,2,0,623728
besta,2023,main,KR,ÍBV,1,1,0,757529
besta,2023,main,KA,Fylkir,2,1,0,757138
besta,2023,main,Valur,FH,1,1,0,753614
besta,2023,main,Fram,Keflavík,4,1,0,598258
besta,2023,main,Breiðablik,Víkingur R.,2,2,0,632425
besta,2023,main,Stjarnan,KA,4,0,0,739262
besta,2023,main,Fylkir,KR,3,3,0,754321
besta,2023,main,ÍBV,HK,3,0,0,691736
besta,2023,main,Víkingur R.,Valur,2,3,0,686774
besta,2023,main,Keflavík,Breiðablik,0,0,0,762001
besta,2023,main,KA,Fram,4,2,0,757137
besta,2023,main,KR,Stjarnan,1,0,0,757389
besta,2023,main,FH,HK,4,3,0,623732
besta,2023,main,Fylkir,ÍBV,2,1,0,754331
besta,2023,main,Breiðablik,Valur,1,0,0,632454
besta,2023,main,KA,Víkingur R.,0,4,0,757139
besta,2023,main,Stjarnan,Fylkir,2,2,0,739255
besta,2023,main,Fram,KR,1,2,0,598257
besta,2023,main,ÍBV,FH,2,3,0,691734
besta,2023,main,HK,Víkingur R.,1,2,0,727666
besta,2023,main,Valur,Keflavík,0,0,0,753813
besta,2023,main,Breiðablik,KA,2,0,0,632390
besta,2023,main,Víkingur R.,FH,2,0,0,686784
besta,2023,main,Fylkir,Fram,3,1,0,754333
besta,2023,main,Keflavík,HK,0,2,0,763466
besta,2023,main,KA,Valur,0,4,0,757136
besta,2023,main,KR,Breiðablik,0,1,0,757386
besta,2023,main,Stjarnan,ÍBV,4,0,0,739253
besta,2023,main,Fylkir,Breiðablik,1,2,0,754363
besta,2023,main,Fram,Stjarnan,2,1,0,598255
besta,2023,main,FH,Keflavík,2,1,0,623734
besta,2023,main,ÍBV,Víkingur R.,0,1,0,691730
besta,2023,main,Valur,KR,5,0,0,753803
besta,2023,main,HK,KA,1,2,0,727665
besta,2023,main,Víkingur R.,Keflavík,4,1,0,686792
besta,2023,main,Stjarnan,Breiðablik,0,2,0,739243
besta,2023,main,Fylkir,Valur,1,6,0,754369
besta,2023,main,KR,HK,0,1,0,750935
besta,2023,main,KA,FH,4,2,0,757135
besta,2023,main,Fram,ÍBV,3,1,0,598254
besta,2023,main,Valur,Stjarnan,3,2,0,753786
besta,2023,main,Keflavík,ÍBV,1,3,0,763482
besta,2023,main,Víkingur R.,KA,1,0,0,686802
besta,2023,main,HK,Fylkir,1,0,0,727664
besta,2023,main,FH,KR,3,0,0,623740
besta,2023,main,Breiðablik,Fram,5,4,0,754370
besta,2023,main,Fylkir,FH,4,2,0,754131
besta,2023,main,Stjarnan,HK,5,4,0,739232
besta,2023,main,Víkingur R.,KR,3,0,0,686805
besta,2023,main,Fram,Valur,1,3,0,598253
besta,2023,main,ÍBV,Breiðablik,2,1,0,691729
besta,2023,main,KA,Keflavík,0,0,0,757134
besta,2023,main,Valur,Breiðablik,0,2,0,753784
besta,2023,main,HK,Fram,1,1,0,727663
besta,2023,main,Víkingur R.,Fylkir,2,0,0,686812
besta,2023,main,FH,Stjarnan,1,0,0,623743
besta,2023,main,KA,ÍBV,3,0,0,757133
besta,2023,main,Keflavík,KR,0,2,0,763472
besta,2023,main,Breiðablik,HK,3,4,0,632194
besta,2023,main,Fram,FH,2,2,0,598252
besta,2023,main,Stjarnan,Víkingur R.,0,2,0,739231
besta,2023,main,Valur,ÍBV,2,1,0,753783
besta,2023,main,Fylkir,Keflavík,1,2,0,754134
besta,2023,main,KA,KR,1,1,0,757132
besta,2023,efri,Breiðablik,Stjarnan,0,2,0,632094
besta,2023,efri,Víkingur R.,Valur,5,1,0,686820
besta,2023,efri,FH,KR,3,1,0,623744
besta,2023,efri,Stjarnan,Víkingur R.,3,1,0,739226
besta,2023,efri,Valur,FH,4,1,0,753772
besta,2023,efri,KR,Breiðablik,4,3,0,757385
besta,2023,efri,Stjarnan,KR,2,0,0,739224
besta,2023,efri,Valur,Breiðablik,4,2,0,753761
besta,2023,efri,Víkingur R.,FH,2,1,0,686822
besta,2023,efri,Breiðablik,Víkingur R.,3,1,0,631973
besta,2023,efri,FH,Stjarnan,1,3,0,623745
besta,2023,efri,KR,Valur,2,2,0,757382
besta,2023,efri,Víkingur R.,KR,2,2,0,686826
besta,2023,efri,Valur,Stjarnan,2,0,0,753752
besta,2023,efri,Breiðablik,FH,0,2,0,632055
besta,2023,nedri,ÍBV,Keflavík,1,1,0,691771
besta,2023,nedri,Fylkir,Fram,5,1,0,754287
besta,2023,nedri,KA,HK,1,0,0,757146
besta,2023,nedri,HK,ÍBV,0,1,0,727923
besta,2023,nedri,Fram,KA,1,0,0,598272
besta,2023,nedri,Keflavík,Fylkir,1,3,0,762018
besta,2023,nedri,Fram,Keflavík,3,1,0,598271
besta,2023,nedri,HK,Fylkir,2,2,0,727922
besta,2023,nedri,KA,ÍBV,2,1,0,757145
besta,2023,nedri,Fylkir,KA,2,4,0,754324
besta,2023,nedri,Keflavík,HK,2,1,0,761982
besta,2023,nedri,ÍBV,Fram,2,2,0,691770
besta,2023,nedri,KA,Keflavík,4,2,0,757144
besta,2023,nedri,HK,Fram,1,1,0,727920
besta,2023,nedri,Fylkir,ÍBV,2,2,0,754359
besta,2024,main,Fylkir,Víkingur R.,0,6,0,754283
besta,2024,main,Valur,KR,4,1,0,768116
besta,2024,main,Breiðablik,HK,5,3,0,631137
besta,2024,main,Stjarnan,Vestri,1,0,0,739582
besta,2024,main,Fram,FH,3,3,0,768347
besta,2024,main,ÍA,KA,1,0,0,768789
besta,2024,main,KR,Víkingur R.,0,3,0,757512
besta,2024,main,HK,Fram,1,0,0,727461
besta,2024,main,Víkingur R.,Valur,3,2,0,684464
besta,2024,main,FH,Stjarnan,0,3,0,623867
besta,2024,main,KR,ÍA,4,2,0,757509
besta,2024,main,KA,Breiðablik,2,3,0,757123
besta,2024,main,Vestri,Fylkir,0,0,0,768876
besta,2024,main,Stjarnan,HK,2,0,0,739595
besta,2024,main,Fylkir,FH,2,3,0,754245
besta,2024,main,ÍA,Breiðablik,1,2,0,768810
besta,2024,main,Fram,KA,1,2,0,768349
besta,2024,main,Valur,Vestri,3,1,0,768114
besta,2024,main,HK,KR,3,2,0,727459
besta,2024,main,Breiðablik,Fram,3,1,0,631152
besta,2024,main,Víkingur R.,ÍA,1,2,0,684470
besta,2024,main,FH,Valur,2,2,0,623868
besta,2024,main,HK,Fylkir,0,2,0,727460
besta,2024,main,KA,Stjarnan,1,1,0,757122
besta,2024,main,Vestri,KR,2,0,0,768897
besta,2024,main,Valur,Breiðablik,0,2,0,768109
besta,2024,main,KR,FH,1,0,0,757519
besta,2024,main,ÍA,Fram,1,0,0,768818
besta,2024,main,Valur,HK,5,1,0,768113
besta,2024,main,Stjarnan,Breiðablik,2,2,0,739615
besta,2024,main,Fylkir,KA,1,1,0,754226
besta,2024,main,Víkingur R.,Vestri,1,1,0,684475
besta,2024,main,Vestri,ÍA,0,0,0,768916
besta,2024,main,Fram,Stjarnan,2,1,0,768352
besta,2024,main,KA,Valur,1,0,0,757121
besta,2024,main,Breiðablik,Fylkir,3,0,0,631183
besta,2024,main,FH,Víkingur R.,2,3,0,623869
besta,2024,main,Fylkir,Fram,0,0,0,754198
besta,2024,main,KR,KA,2,2,0,757520
besta,2024,main,Fram,Valur,4,1,0,768359
besta,2024,main,Víkingur R.,HK,5,1,0,684483
besta,2024,main,ÍA,Stjarnan,1,3,0,768837
besta,2024,main,Vestri,FH,0,2,0,768932
besta,2024,main,FH,ÍA,1,1,0,623870
besta,2024,main,Breiðablik,KR,4,2,0,631296
besta,2024,main,Stjarnan,Fylkir,2,0,0,739626
besta,2024,main,KA,Víkingur R.,1,0,0,757120
besta,2024,main,HK,Vestri,1,1,0,727458
besta,2024,main,Fylkir,ÍA,3,0,0,754188
besta,2024,main,FH,HK,3,1,0,623873
besta,2024,main,Vestri,KA,0,2,0,768938
besta,2024,main,Fram,KR,1,0,0,768361
besta,2024,main,FH,KA,1,1,0,623874
besta,2024,main,Valur,Fylkir,4,0,0,768106
besta,2024,main,KR,Stjarnan,1,1,0,757521
besta,2024,main,Vestri,Breiðablik,2,2,0,768952
besta,2024,main,ÍA,HK,8,0,0,768643
besta,2024,main,Víkingur R.,Fram,2,1,0,684498
besta,2024,main,FH,Breiðablik,1,0,0,623877
besta,2024,main,ÍA,Valur,3,2,0,768649
besta,2024,main,HK,KA,1,2,0,727455
besta,2024,main,Stjarnan,Víkingur R.,0,4,0,739662
besta,2024,main,KR,Fylkir,2,2,0,757522
besta,2024,main,Vestri,Fram,1,3,0,768983
besta,2024,main,Breiðablik,ÍA,1,1,0,631403
besta,2024,main,FH,Fylkir,3,1,0,623879
besta,2024,main,KA,Fram,3,2,0,757118
besta,2024,main,Víkingur R.,KR,1,1,0,684517
besta,2024,main,HK,Stjarnan,4,3,0,727453
besta,2024,main,Vestri,Valur,1,5,0,768973
besta,2024,main,Breiðablik,KA,2,1,0,631390
besta,2024,main,Valur,Víkingur R.,2,2,0,768102
besta,2024,main,Fram,HK,1,2,0,768362
besta,2024,main,ÍA,KR,2,1,0,768658
besta,2024,main,Stjarnan,FH,4,2,0,739671
besta,2024,main,Fylkir,Vestri,3,2,0,754379
besta,2024,main,KR,Valur,3,5,0,757523
besta,2024,main,HK,Breiðablik,0,2,0,727454
besta,2024,main,Víkingur R.,Fylkir,5,2,0,684507
besta,2024,main,Vestri,Stjarnan,4,2,0,766096
besta,2024,main,KA,ÍA,2,3,0,757119
besta,2024,main,FH,Fram,3,3,0,623878
besta,2024,main,Breiðablik,Víkingur R.,1,1,0,631310
besta,2024,main,Valur,Stjarnan,5,1,0,768108
besta,2024,main,Fylkir,HK,3,1,0,754357
besta,2024,main,Stjarnan,KA,5,0,0,739675
besta,2024,main,Fram,Breiðablik,1,4,0,768363
besta,2024,main,Valur,FH,2,2,0,768099
besta,2024,main,ÍA,Víkingur R.,0,1,0,768651
besta,2024,main,KR,Vestri,2,2,0,757524
besta,2024,main,Fram,ÍA,1,1,0,768364
besta,2024,main,Breiðablik,Stjarnan,2,1,0,631486
besta,2024,main,HK,Valur,1,2,0,727451
besta,2024,main,FH,KR,1,2,0,623881
besta,2024,main,KA,Fylkir,4,2,0,757117
besta,2024,main,Vestri,Víkingur R.,1,4,0,766129
besta,2024,main,Víkingur R.,FH,2,0,0,684528
besta,2024,main,Fylkir,Breiðablik,0,3,0,754345
besta,2024,main,KR,HK,1,2,0,757369
besta,2024,main,Valur,KA,3,1,0,768098
besta,2024,main,ÍA,Vestri,3,0,0,768841
besta,2024,main,Stjarnan,Fram,1,1,0,739691
besta,2024,main,Breiðablik,Valur,2,3,0,631517
besta,2024,main,HK,Víkingur R.,3,1,0,727450
besta,2024,main,Fram,Fylkir,2,1,0,768365
besta,2024,main,Stjarnan,ÍA,4,1,0,739701
besta,2024,main,KA,KR,1,1,0,757116
besta,2024,main,FH,Vestri,3,2,0,623883
besta,2024,main,Fylkir,Stjarnan,0,1,0,754340
besta,2024,main,Valur,Fram,1,1,0,768093
besta,2024,main,KR,Breiðablik,2,3,0,757379
besta,2024,main,Víkingur R.,KA,4,2,0,684534
besta,2024,main,ÍA,FH,1,2,0,689383
besta,2024,main,Vestri,HK,1,0,0,766143
besta,2024,main,Víkingur R.,Breiðablik,4,1,0,684537
besta,2024,main,ÍA,Fylkir,5,1,0,689384
besta,2024,main,KA,Vestri,0,1,0,757115
besta,2024,main,KR,Fram,0,1,0,766149
besta,2024,main,HK,FH,0,2,0,727447
besta,2024,main,Stjarnan,Valur,1,0,0,739730
besta,2024,main,Fram,Víkingur R.,0,1,0,768366
besta,2024,main,Fylkir,Valur,0,0,0,754264
besta,2024,main,HK,ÍA,0,4,0,727441
besta,2024,main,KA,FH,2,3,0,757114
besta,2024,main,Breiðablik,Vestri,4,0,0,631537
besta,2024,main,Stjarnan,KR,1,3,0,739740
besta,2024,main,Breiðablik,FH,2,0,0,631587
besta,2024,main,Fylkir,KR,3,4,0,754259
besta,2024,main,Valur,ÍA,2,0,0,768092
besta,2024,main,Fram,Vestri,2,0,0,768367
besta,2024,main,KA,HK,1,1,0,757113
besta,2024,main,Víkingur R.,Stjarnan,2,0,0,684548
besta,2024,efri,Víkingur R.,Breiðablik,0,3,0,685211
besta,2024,efri,Stjarnan,FH,3,2,0,741699
besta,2024,efri,Valur,ÍA,6,1,0,768117
besta,2024,efri,Breiðablik,Stjarnan,2,1,0,631697
besta,2024,efri,FH,Valur,1,1,0,622951
besta,2024,efri,ÍA,Víkingur R.,3,4,0,768762
besta,2024,efri,Breiðablik,Valur,2,2,0,631693
besta,2024,efri,Víkingur R.,Stjarnan,2,2,0,685198
besta,2024,efri,ÍA,FH,4,1,0,768764
besta,2024,efri,Stjarnan,ÍA,3,0,0,741701
besta,2024,efri,Valur,Víkingur R.,2,3,0,768115
besta,2024,efri,FH,Breiðablik,0,1,0,622953
besta,2024,efri,Víkingur R.,FH,3,0,0,685196
besta,2024,efri,Breiðablik,ÍA,2,0,0,631686
besta,2024,efri,Valur,Stjarnan,2,2,0,768112
besta,2024,nedri,KR,HK,7,0,0,766131
besta,2024,nedri,Fram,KA,1,4,0,768247
besta,2024,nedri,Vestri,Fylkir,1,3,0,768852
besta,2024,nedri,HK,Fram,2,1,0,728769
besta,2024,nedri,Fylkir,KR,0,1,0,754179
besta,2024,nedri,KA,Vestri,2,1,0,757177
besta,2024,nedri,HK,Fylkir,2,2,0,728768
besta,2024,nedri,KA,KR,0,4,0,757176
besta,2024,nedri,Fram,Vestri,2,4,0,768246
besta,2024,nedri,Fylkir,KA,1,3,0,754187
besta,2024,nedri,KR,Fram,7,1,0,757528
besta,2024,nedri,Vestri,HK,2,1,0,768976
besta,2024,nedri,KA,HK,3,3,0,757175
besta,2024,nedri,Fram,Fylkir,2,0,0,768245
besta,2024,nedri,KR,Vestri,2,2,0,757418
besta,2025,main,Breiðablik,ÍBV,1,1,0,631847
besta,2025,main,ÍA,Afturelding,3,1,0,768683
besta,2025,main,Valur,Stjarnan,1,2,1,768164
besta,2025,main,KR,Víkingur R.,0,7,0,757490
besta,2025,main,FH,Fram,2,2,0,624349
besta,2025,main,KA,Vestri,4,1,0,757085
besta,2025,main,ÍA,Breiðablik,3,0,0,768730
besta,2025,main,Fram,Valur,2,1,0,768592
besta,2025,main,Víkingur R.,Breiðablik,2,2,0,685779
besta,2025,main,Stjarnan,KA,3,2,0,741241
besta,2025,main,ÍBV,ÍA,2,0,0,692496
besta,2025,main,Vestri,KR,1,1,0,768950
besta,2025,main,Afturelding,FH,1,2,0,765731
besta,2025,main,Valur,Afturelding,4,3,0,768122
besta,2025,main,Víkingur R.,Vestri,4,1,0,685781
besta,2025,main,KR,Stjarnan,1,2,0,757422
besta,2025,main,FH,ÍBV,1,1,0,624336
besta,2025,main,KA,Fram,2,0,0,757095
besta,2025,main,Fram,KR,0,1,0,768594
besta,2025,main,Breiðablik,FH,4,5,0,632195
besta,2025,main,ÍA,Víkingur R.,0,1,0,768710
besta,2025,main,Afturelding,KA,3,3,0,765932
besta,2025,main,Stjarnan,Vestri,2,1,0,739524
besta,2025,main,ÍBV,Valur,4,1,0,692494
besta,2025,main,FH,ÍA,3,2,0,624337
besta,2025,main,KR,Afturelding,2,1,0,757495
besta,2025,main,Valur,Breiðablik,2,1,0,768141
besta,2025,main,Víkingur R.,Stjarnan,2,4,0,685789
besta,2025,main,KA,ÍBV,1,0,0,757094
besta,2025,main,Vestri,Fram,3,2,0,768964
besta,2025,main,Fram,Stjarnan,1,1,0,768599
besta,2025,main,Afturelding,Vestri,1,1,0,765918
besta,2025,main,ÍA,Valur,2,2,0,768694
besta,2025,main,FH,Víkingur R.,2,2,0,624338
besta,2025,main,Breiðablik,KA,1,1,0,632160
besta,2025,main,ÍBV,KR,2,1,0,692493
besta,2025,main,Stjarnan,Afturelding,4,1,0,739313
besta,2025,main,Fram,Víkingur R.,2,2,0,768609
besta,2025,main,Valur,FH,3,1,0,768155
besta,2025,main,Vestri,ÍBV,2,0,0,768891
besta,2025,main,KR,Breiðablik,1,1,0,757411
besta,2025,main,Víkingur R.,Valur,1,2,0,685800
besta,2025,main,KA,ÍA,2,0,0,757093
besta,2025,main,Breiðablik,Vestri,1,0,0,632075
besta,2025,main,Afturelding,Fram,1,1,0,765862
besta,2025,main,ÍA,KR,1,0,0,768682
besta,2025,main,ÍBV,Stjarnan,1,0,0,692492
besta,2025,main,FH,KA,5,0,0,624339
besta,2025,main,FH,Stjarnan,1,1,0,624340
besta,2025,main,KR,KA,1,2,0,766117
besta,2025,main,ÍBV,Víkingur R.,0,0,0,692491
besta,2025,main,ÍA,Fram,0,1,0,768659
besta,2025,main,Vestri,Valur,0,2,0,768971
besta,2025,main,Afturelding,Breiðablik,2,2,0,765821
besta,2025,main,KR,FH,3,2,0,766067
besta,2025,main,Víkingur R.,Afturelding,2,1,0,685803
besta,2025,main,Vestri,ÍA,0,2,0,768862
besta,2025,main,Fram,ÍBV,2,0,0,768615
besta,2025,main,Stjarnan,Breiðablik,1,4,0,738861
besta,2025,main,KA,Valur,2,5,0,757092
besta,2025,main,Breiðablik,Fram,1,1,0,631940
besta,2025,main,Valur,KR,6,1,0,768097
besta,2025,main,ÍBV,Afturelding,1,2,0,669943
besta,2025,main,ÍA,Stjarnan,0,3,0,768831
besta,2025,main,KA,Víkingur R.,0,2,0,757091
besta,2025,main,FH,Vestri,2,0,0,624341
besta,2025,main,Víkingur R.,KR,3,2,0,685815
besta,2025,main,Fram,FH,2,0,0,768618
besta,2025,main,Afturelding,ÍA,4,1,0,765757
besta,2025,main,ÍBV,Breiðablik,0,2,0,669940
besta,2025,main,Vestri,KA,1,0,0,768917
besta,2025,main,Stjarnan,Valur,3,2,0,741401
besta,2025,main,Valur,Fram,2,1,0,768104
besta,2025,main,Breiðablik,Víkingur R.,3,1,0,631921
besta,2025,main,FH,Afturelding,0,0,0,624342
besta,2025,main,ÍA,ÍBV,0,3,0,768820
besta,2025,main,KA,Stjarnan,1,1,0,757090
besta,2025,main,KR,Vestri,2,1,0,766041
besta,2025,main,Stjarnan,KR,4,2,0,739235
besta,2025,main,Breiðablik,ÍA,1,4,0,631917
besta,2025,main,ÍBV,FH,2,1,0,669939
besta,2025,main,Afturelding,Valur,0,2,0,765734
besta,2025,main,Fram,KA,1,2,0,768619
besta,2025,main,Vestri,Víkingur R.,0,1,0,768931
besta,2025,main,FH,Breiðablik,2,0,0,624344
besta,2025,main,Víkingur R.,ÍA,2,1,0,685823
besta,2025,main,Vestri,Stjarnan,3,1,0,768937
besta,2025,main,Valur,ÍBV,3,0,0,768176
besta,2025,main,KA,Afturelding,1,0,0,757089
besta,2025,main,KR,Fram,2,3,0,766146
besta,2025,main,ÍA,FH,1,3,0,768693
besta,2025,main,Stjarnan,Víkingur R.,2,2,0,738997
besta,2025,main,Breiðablik,Valur,2,1,0,631893
besta,2025,main,Afturelding,KR,4,3,0,765846
besta,2025,main,Fram,Vestri,1,0,0,768242
besta,2025,main,ÍBV,KA,0,0,0,669953
besta,2025,main,Víkingur R.,FH,3,1,0,685829
besta,2025,main,KA,Breiðablik,0,1,0,757088
besta,2025,main,Stjarnan,Fram,2,0,0,738973
besta,2025,main,Valur,ÍA,6,1,0,768140
besta,2025,main,KR,ÍBV,4,1,0,766048
besta,2025,main,Vestri,Afturelding,2,0,0,768888
besta,2025,main,Afturelding,Stjarnan,3,0,0,765890
besta,2025,main,Víkingur R.,Fram,3,2,0,685833
besta,2025,main,Breiðablik,KR,3,3,0,631882
besta,2025,main,FH,Valur,3,0,0,624345
besta,2025,main,ÍA,KA,3,0,0,768650
besta,2025,main,ÍBV,Vestri,0,2,0,669951
besta,2025,main,Valur,Víkingur R.,1,1,0,613215
besta,2025,main,Fram,Afturelding,3,0,0,768243
besta,2025,main,Stjarnan,ÍBV,2,3,0,738902
besta,2025,main,KR,ÍA,5,0,0,766074
besta,2025,main,KA,FH,3,2,0,757087
besta,2025,main,Vestri,Breiðablik,0,1,0,768919
besta,2025,main,Afturelding,Víkingur R.,1,0,0,765895
besta,2025,main,ÍBV,Fram,3,1,0,669932
besta,2025,main,Breiðablik,Stjarnan,2,1,0,631870
besta,2025,main,FH,KR,2,2,0,624346
besta,2025,main,ÍA,Vestri,0,2,0,689545
besta,2025,main,Valur,KA,3,1,0,768125
besta,2025,main,KR,Valur,3,3,0,766049
besta,2025,main,Stjarnan,ÍA,2,1,0,738900
besta,2025,main,Víkingur R.,KA,4,0,0,685844
besta,2025,main,Fram,Breiðablik,4,2,0,768339
besta,2025,main,Afturelding,ÍBV,0,0,0,765889
besta,2025,main,Vestri,FH,1,0,0,768909
besta,2025,main,Stjarnan,FH,2,1,0,738885
besta,2025,main,Víkingur R.,ÍBV,2,0,0,685851
besta,2025,main,Fram,ÍA,0,1,0,768328
besta,2025,main,KA,KR,2,2,0,757086
besta,2025,main,Valur,Vestri,1,1,0,768159
besta,2025,main,Breiðablik,Afturelding,2,0,0,631862
besta,2025,efri,FH,Fram,3,4,0,624370
besta,2025,efri,Víkingur R.,Valur,2,0,0,686020
besta,2025,efri,Stjarnan,Breiðablik,2,3,0,738768
besta,2025,efri,Fram,Stjarnan,1,1,0,768214
besta,2025,efri,Valur,FH,4,4,0,768153
besta,2025,efri,Breiðablik,Víkingur R.,1,2,0,631468
besta,2025,efri,Breiðablik,Fram,3,1,0,631467
besta,2025,efri,Víkingur R.,FH,2,0,0,686024
besta,2025,efri,Valur,Stjarnan,3,2,0,768150
besta,2025,efri,Stjarnan,Víkingur R.,2,3,0,738689
besta,2025,efri,Fram,Valur,2,0,0,768216
besta,2025,efri,FH,Breiðablik,1,1,0,624371
besta,2025,efri,Valur,Breiðablik,1,1,0,768147
besta,2025,efri,Víkingur R.,Fram,2,1,0,686027
besta,2025,efri,Stjarnan,FH,0,0,0,741038
besta,2025,nedri,ÍBV,KA,3,4,0,692490
besta,2025,nedri,ÍA,Afturelding,1,0,0,768666
besta,2025,nedri,Vestri,KR,1,5,0,768966
besta,2025,nedri,Afturelding,Vestri,1,1,0,765642
besta,2025,nedri,KA,ÍA,5,1,0,757082
besta,2025,nedri,KR,ÍBV,2,1,0,757443
besta,2025,nedri,KA,Vestri,1,1,0,757081
besta,2025,nedri,KR,Afturelding,2,2,0,757435
besta,2025,nedri,ÍBV,ÍA,0,2,0,692489
besta,2025,nedri,Afturelding,KA,3,2,0,765631
besta,2025,nedri,Vestri,ÍBV,0,5,0,768849
besta,2025,nedri,ÍA,KR,3,2,0,768815
besta,2025,nedri,KA,KR,4,2,0,757080
besta,2025,nedri,ÍBV,Afturelding,1,1,0,692488
besta,2025,nedri,Vestri,ÍA,0,4,0,768945
lengjudeild,2019,main,Leiknir R.,Fram,2,1,0,644500
lengjudeild,2019,main,Víkingur Ó.,Njarðvík,4,2,0,648457
lengjudeild,2019,main,Þór,Magni,0,0,0,670947
lengjudeild,2019,main,Keflavík,Fjölnir,1,0,0,733882
lengjudeild,2019,main,Grótta,Haukar,4,0,0,749715
lengjudeild,2019,main,Þróttur R.,Afturelding,0,0,0,752504
lengjudeild,2019,main,Afturelding,Víkingur Ó.,0,1,0,753961
lengjudeild,2019,main,Fjölnir,Leiknir R.,1,1,0,751981
lengjudeild,2019,main,Njarðvík,Grótta,1,2,0,757535
lengjudeild,2019,main,Magni,Þróttur R.,0,0,0,602543
lengjudeild,2019,main,Haukar,Keflavík,3,1,0,577827
lengjudeild,2019,main,Fram,Þór,3,0,0,598857
lengjudeild,2019,main,Grótta,Afturelding,0,5,0,749712
lengjudeild,2019,main,Þór,Fjölnir,1,7,0,670946
lengjudeild,2019,main,Víkingur Ó.,Magni,1,2,0,648465
lengjudeild,2019,main,Þróttur R.,Fram,1,2,0,752508
lengjudeild,2019,main,Haukar,Njarðvík,4,0,0,577828
lengjudeild,2019,main,Leiknir R.,Keflavík,1,0,0,644501
lengjudeild,2019,main,Magni,Grótta,0,2,0,602544
lengjudeild,2019,main,Keflavík,Þór,2,0,0,733894
lengjudeild,2019,main,Afturelding,Njarðvík,2,2,0,753960
lengjudeild,2019,main,Fjölnir,Þróttur R.,6,0,0,751965
lengjudeild,2019,main,Leiknir R.,Haukar,2,0,0,644502
lengjudeild,2019,main,Fram,Víkingur Ó.,0,0,0,598859
lengjudeild,2019,main,Þór,Leiknir R.,1,1,0,670945
lengjudeild,2019,main,Njarðvík,Magni,2,1,0,757536
lengjudeild,2019,main,Þróttur R.,Keflavík,1,3,0,752509
lengjudeild,2019,main,Grótta,Fram,3,1,0,749710
lengjudeild,2019,main,Víkingur Ó.,Fjölnir,4,1,0,648473
lengjudeild,2019,main,Haukar,Afturelding,1,1,0,577848
lengjudeild,2019,main,Magni,Afturelding,3,1,0,602545
lengjudeild,2019,main,Leiknir R.,Þróttur R.,2,1,0,644503
lengjudeild,2019,main,Þór,Haukar,1,1,0,670944
lengjudeild,2019,main,Keflavík,Víkingur Ó.,2,1,0,733906
lengjudeild,2019,main,Fjölnir,Grótta,0,0,0,751962
lengjudeild,2019,main,Fram,Njarðvík,2,0,0,598864
lengjudeild,2019,main,Haukar,Magni,1,2,0,577898
lengjudeild,2019,main,Grótta,Keflavík,4,3,0,749709
lengjudeild,2019,main,Víkingur Ó.,Leiknir R.,1,1,0,648474
lengjudeild,2019,main,Afturelding,Fram,3,0,0,753957
lengjudeild,2019,main,Njarðvík,Fjölnir,1,1,0,757537
lengjudeild,2019,main,Þróttur R.,Þór,1,3,0,752514
lengjudeild,2019,main,Fjölnir,Afturelding,1,1,0,751956
lengjudeild,2019,main,Fram,Magni,4,1,0,598866
lengjudeild,2019,main,Leiknir R.,Grótta,2,2,0,644504
lengjudeild,2019,main,Þór,Víkingur Ó.,1,1,0,670943
lengjudeild,2019,main,Keflavík,Njarðvík,1,0,0,733910
lengjudeild,2019,main,Þróttur R.,Haukar,4,2,0,752515
lengjudeild,2019,main,Magni,Fjölnir,1,3,0,602535
lengjudeild,2019,main,Grótta,Þór,1,1,0,749745
lengjudeild,2019,main,Njarðvík,Leiknir R.,0,2,0,757861
lengjudeild,2019,main,Afturelding,Keflavík,1,0,0,753999
lengjudeild,2019,main,Haukar,Fram,2,1,0,577910
lengjudeild,2019,main,Víkingur Ó.,Þróttur R.,0,0,0,648446
lengjudeild,2019,main,Fram,Keflavík,1,2,0,598833
lengjudeild,2019,main,Magni,Leiknir R.,0,3,0,602536
lengjudeild,2019,main,Afturelding,Þór,1,2,0,753998
lengjudeild,2019,main,Njarðvík,Þróttur R.,2,3,0,757862
lengjudeild,2019,main,Grótta,Víkingur Ó.,2,2,0,749743
lengjudeild,2019,main,Haukar,Fjölnir,1,5,0,577776
lengjudeild,2019,main,Víkingur Ó.,Haukar,2,0,0,648447
lengjudeild,2019,main,Leiknir R.,Afturelding,3,2,0,644492
lengjudeild,2019,main,Fjölnir,Fram,3,1,0,752094
lengjudeild,2019,main,Þróttur R.,Grótta,0,1,0,752453
lengjudeild,2019,main,Keflavík,Magni,0,3,0,734030
lengjudeild,2019,main,Þór,Njarðvík,2,1,0,670959
lengjudeild,2019,main,Haukar,Grótta,2,2,0,577792
lengjudeild,2019,main,Magni,Þór,1,1,0,602537
lengjudeild,2019,main,Fram,Leiknir R.,2,1,0,598834
lengjudeild,2019,main,Fjölnir,Keflavík,1,1,0,752072
lengjudeild,2019,main,Njarðvík,Víkingur Ó.,3,0,0,757865
lengjudeild,2019,main,Afturelding,Þróttur R.,1,1,0,753991
lengjudeild,2019,main,Þróttur R.,Magni,7,0,0,752474
lengjudeild,2019,main,Víkingur Ó.,Afturelding,2,0,0,648448
lengjudeild,2019,main,Grótta,Njarðvík,3,1,0,749739
lengjudeild,2019,main,Þór,Fram,3,0,0,670958
lengjudeild,2019,main,Keflavík,Haukar,1,1,0,734036
lengjudeild,2019,main,Leiknir R.,Fjölnir,0,2,0,644493
lengjudeild,2019,main,Magni,Víkingur Ó.,0,0,0,602538
lengjudeild,2019,main,Fjölnir,Þór,4,0,0,752064
lengjudeild,2019,main,Afturelding,Grótta,0,3,0,753985
lengjudeild,2019,main,Keflavík,Leiknir R.,1,3,0,734043
lengjudeild,2019,main,Fram,Þróttur R.,2,1,0,598836
lengjudeild,2019,main,Njarðvík,Haukar,1,5,0,757866
lengjudeild,2019,main,Grótta,Magni,4,1,0,749730
lengjudeild,2019,main,Þór,Keflavík,0,0,0,670957
lengjudeild,2019,main,Víkingur Ó.,Fram,0,1,0,648449
lengjudeild,2019,main,Haukar,Leiknir R.,1,2,0,577796
lengjudeild,2019,main,Njarðvík,Afturelding,0,2,0,757868
lengjudeild,2019,main,Þróttur R.,Fjölnir,0,1,0,752484
lengjudeild,2019,main,Víkingur Ó.,Keflavík,0,1,0,648451
lengjudeild,2019,main,Leiknir R.,Þór,0,3,0,644494
lengjudeild,2019,main,Fram,Grótta,2,3,0,598841
lengjudeild,2019,main,Keflavík,Þróttur R.,1,3,0,734053
lengjudeild,2019,main,Afturelding,Haukar,1,2,0,753980
lengjudeild,2019,main,Fjölnir,Víkingur Ó.,1,3,0,752059
lengjudeild,2019,main,Magni,Njarðvík,3,2,0,602539
lengjudeild,2019,main,Grótta,Fjölnir,0,0,0,749725
lengjudeild,2019,main,Afturelding,Magni,4,1,0,753977
lengjudeild,2019,main,Þróttur R.,Leiknir R.,3,0,0,752489
lengjudeild,2019,main,Haukar,Þór,0,3,0,577797
lengjudeild,2019,main,Njarðvík,Fram,0,1,0,757869
lengjudeild,2019,main,Þór,Þróttur R.,2,0,0,670956
lengjudeild,2019,main,Fjölnir,Njarðvík,1,0,0,752009
lengjudeild,2019,main,Keflavík,Grótta,1,2,0,734076
lengjudeild,2019,main,Fram,Afturelding,3,1,0,598845
lengjudeild,2019,main,Leiknir R.,Víkingur Ó.,2,0,0,644495
lengjudeild,2019,main,Magni,Haukar,1,1,0,602540
lengjudeild,2019,main,Magni,Fram,1,1,0,602541
lengjudeild,2019,main,Víkingur Ó.,Þór,2,0,0,648452
lengjudeild,2019,main,Grótta,Leiknir R.,2,3,0,749721
lengjudeild,2019,main,Afturelding,Fjölnir,1,3,0,753975
lengjudeild,2019,main,Njarðvík,Keflavík,0,0,0,757871
lengjudeild,2019,main,Haukar,Þróttur R.,2,4,0,577813
lengjudeild,2019,main,Þór,Grótta,2,3,0,670955
lengjudeild,2019,main,Fjölnir,Magni,4,1,0,752001
lengjudeild,2019,main,Þróttur R.,Víkingur Ó.,1,2,0,752495
lengjudeild,2019,main,Keflavík,Afturelding,5,0,0,734095
lengjudeild,2019,main,Leiknir R.,Njarðvík,1,2,0,644498
lengjudeild,2019,main,Fram,Haukar,1,1,0,598850
lengjudeild,2019,main,Magni,Keflavík,1,3,0,716572
lengjudeild,2019,main,Njarðvík,Þór,0,2,0,757873
lengjudeild,2019,main,Haukar,Víkingur Ó.,0,0,0,577821
lengjudeild,2019,main,Grótta,Þróttur R.,2,2,0,749716
lengjudeild,2019,main,Fram,Fjölnir,3,2,0,598854
lengjudeild,2019,main,Afturelding,Leiknir R.,2,1,0,753969
lengjudeild,2019,main,Þróttur R.,Njarðvík,2,3,0,752499
lengjudeild,2019,main,Fjölnir,Haukar,2,1,0,751987
lengjudeild,2019,main,Víkingur Ó.,Grótta,2,0,0,648455
lengjudeild,2019,main,Keflavík,Fram,2,1,0,733877
lengjudeild,2019,main,Þór,Afturelding,3,1,0,670948
lengjudeild,2019,main,Leiknir R.,Magni,4,1,0,644499
lengjudeild,2020,main,Grindavík,Leiknir F.,0,0,0,604025
lengjudeild,2020,main,ÍBV,Fram,0,0,0,691920
lengjudeild,2020,main,Þór,Leiknir R.,0,0,0,717619
lengjudeild,2020,main,Keflavík,Magni,0,0,0,733957
lengjudeild,2020,main,Þróttur R.,Víkingur Ó.,0,0,0,752794
lengjudeild,2020,main,Vestri,Afturelding,0,0,0,753534
lengjudeild,2020,main,Leiknir R.,Grindavík,0,0,0,760757
lengjudeild,2020,main,Fram,Keflavík,0,0,0,599317
lengjudeild,2020,main,Magni,Vestri,0,0,0,602641
lengjudeild,2020,main,Víkingur Ó.,Þór,0,0,0,648693
lengjudeild,2020,main,Afturelding,Þróttur R.,0,0,0,761150
lengjudeild,2020,main,Leiknir F.,ÍBV,0,0,0,725514
lengjudeild,2020,main,Keflavík,Grindavík,0,0,0,733912
lengjudeild,2020,main,Magni,Þór,3,4,0,602640
lengjudeild,2020,main,Keflavík,Leiknir F.,2,1,0,734040
lengjudeild,2020,main,Afturelding,Grindavík,3,2,0,761161
lengjudeild,2020,main,Fram,Þróttur R.,1,0,0,599314
lengjudeild,2020,main,Víkingur Ó.,Leiknir R.,1,3,0,648692
lengjudeild,2020,main,ÍBV,Vestri,1,3,0,691922
lengjudeild,2020,main,Þróttur R.,Magni,0,1,0,752787
lengjudeild,2020,main,Leiknir F.,Leiknir R.,0,7,0,725512
lengjudeild,2020,main,Keflavík,ÍBV,3,1,0,734011
lengjudeild,2020,main,Vestri,Fram,1,2,0,753536
lengjudeild,2020,main,Grindavík,Víkingur Ó.,3,0,0,604017
lengjudeild,2020,main,Þór,Afturelding,1,1,0,670408
lengjudeild,2020,main,Grindavík,Magni,3,1,0,604007
lengjudeild,2020,main,Þór,Fram,0,2,0,670409
lengjudeild,2020,main,Leiknir R.,Afturelding,3,0,0,760744
lengjudeild,2020,main,Leiknir F.,Víkingur Ó.,2,4,0,725513
lengjudeild,2020,main,Þróttur R.,ÍBV,0,3,0,752776
lengjudeild,2020,main,Vestri,Keflavík,1,3,0,753537
lengjudeild,2020,main,Afturelding,Víkingur Ó.,1,0,0,761173
lengjudeild,2020,main,Fram,Grindavík,1,2,0,599313
lengjudeild,2020,main,ÍBV,Þór,2,2,0,691924
lengjudeild,2020,main,Keflavík,Þróttur R.,4,2,0,733889
lengjudeild,2020,main,Magni,Leiknir R.,0,1,0,602639
lengjudeild,2020,main,Vestri,Leiknir F.,2,0,0,753538
lengjudeild,2020,main,Keflavík,Fram,1,1,0,734008
lengjudeild,2020,main,Grindavík,Leiknir R.,1,1,0,604103
lengjudeild,2020,main,Þróttur R.,Afturelding,1,2,0,752334
lengjudeild,2020,main,Þór,Víkingur Ó.,0,0,0,670401
lengjudeild,2020,main,ÍBV,Leiknir F.,0,0,0,691914
lengjudeild,2020,main,Vestri,Magni,2,1,0,753498
lengjudeild,2020,main,Magni,Þróttur R.,1,1,0,602649
lengjudeild,2020,main,Fram,Vestri,1,1,0,599328
lengjudeild,2020,main,ÍBV,Keflavík,1,3,0,691915
lengjudeild,2020,main,Víkingur Ó.,Grindavík,2,2,0,648706
lengjudeild,2020,main,Leiknir R.,Leiknir F.,2,1,0,760267
lengjudeild,2020,main,Afturelding,Þór,2,3,0,761060
lengjudeild,2020,main,Þór,Keflavík,1,3,0,670410
lengjudeild,2020,main,Grindavík,ÍBV,1,1,0,603995
lengjudeild,2020,main,Víkingur Ó.,Magni,3,2,0,648690
lengjudeild,2020,main,Leiknir R.,Fram,0,1,0,760721
lengjudeild,2020,main,Þróttur R.,Vestri,2,1,0,752741
lengjudeild,2020,main,Leiknir F.,Afturelding,1,3,0,725515
lengjudeild,2020,main,Þróttur R.,Leiknir F.,0,0,0,752737
lengjudeild,2020,main,Fram,Víkingur Ó.,1,1,0,599311
lengjudeild,2020,main,Magni,Afturelding,3,2,0,602638
lengjudeild,2020,main,ÍBV,Leiknir R.,0,2,0,691925
lengjudeild,2020,main,Vestri,Þór,4,1,0,753539
lengjudeild,2020,main,Leiknir F.,Magni,1,3,0,725516
lengjudeild,2020,main,Þór,Þróttur R.,3,0,0,670399
lengjudeild,2020,main,Afturelding,Fram,1,2,0,761172
lengjudeild,2020,main,Grindavík,Vestri,2,1,0,604123
lengjudeild,2020,main,Víkingur Ó.,ÍBV,1,1,0,648688
lengjudeild,2020,main,Leiknir R.,Keflavík,5,1,0,760728
lengjudeild,2020,main,Leiknir R.,Þróttur R.,1,2,0,760340
lengjudeild,2020,main,Vestri,Víkingur Ó.,3,3,0,753495
lengjudeild,2020,main,Afturelding,Keflavík,2,2,0,761049
lengjudeild,2020,main,Magni,ÍBV,0,0,0,602653
lengjudeild,2020,main,Grindavík,Þór,1,0,0,604113
lengjudeild,2020,main,Leiknir F.,Fram,2,3,0,725504
lengjudeild,2020,main,Þróttur R.,Grindavík,2,4,0,752385
lengjudeild,2020,main,ÍBV,Afturelding,1,0,0,691913
lengjudeild,2020,main,Fram,Magni,3,0,0,599330
lengjudeild,2020,main,Vestri,Leiknir R.,1,0,0,753497
lengjudeild,2020,main,Þór,Leiknir F.,5,1,0,670400
lengjudeild,2020,main,Keflavík,Víkingur Ó.,6,1,0,734015
lengjudeild,2020,main,Víkingur Ó.,Þróttur R.,1,2,0,648707
lengjudeild,2020,main,Magni,Keflavík,1,4,0,602651
lengjudeild,2020,main,Leiknir R.,Þór,3,3,0,760325
lengjudeild,2020,main,Leiknir F.,Grindavík,4,3,0,725505
lengjudeild,2020,main,Afturelding,Vestri,0,0,0,761054
lengjudeild,2020,main,Fram,ÍBV,4,4,0,599329
lengjudeild,2020,main,Afturelding,Leiknir R.,2,3,0,761125
lengjudeild,2020,main,ÍBV,Þróttur R.,3,0,0,691916
lengjudeild,2020,main,Víkingur Ó.,Leiknir F.,3,0,0,648702
lengjudeild,2020,main,Fram,Þór,6,1,0,599325
lengjudeild,2020,main,Magni,Grindavík,3,3,0,602646
lengjudeild,2020,main,Keflavík,Vestri,4,1,0,733969
lengjudeild,2020,main,Leiknir R.,Víkingur Ó.,5,0,0,760262
lengjudeild,2020,main,Þór,Magni,3,0,0,670402
lengjudeild,2020,main,Leiknir F.,Keflavík,1,1,0,725507
lengjudeild,2020,main,Vestri,ÍBV,3,3,0,753516
lengjudeild,2020,main,Þróttur R.,Fram,2,2,0,752158
lengjudeild,2020,main,Grindavík,Afturelding,2,2,0,604086
lengjudeild,2020,main,Leiknir R.,Magni,2,1,0,760230
lengjudeild,2020,main,Leiknir F.,Vestri,0,1,0,725508
lengjudeild,2020,main,Þór,ÍBV,1,1,0,670403
lengjudeild,2020,main,Víkingur Ó.,Afturelding,1,3,0,648701
lengjudeild,2020,main,Grindavík,Fram,1,2,0,604068
lengjudeild,2020,main,Þróttur R.,Keflavík,0,4,0,752506
lengjudeild,2020,main,Keflavík,Þór,2,1,0,734106
lengjudeild,2020,main,ÍBV,Grindavík,1,1,0,691917
lengjudeild,2020,main,Vestri,Þróttur R.,1,0,0,753531
lengjudeild,2020,main,Afturelding,Leiknir F.,4,0,0,761126
lengjudeild,2020,main,Magni,Víkingur Ó.,1,2,0,602644
lengjudeild,2020,main,Fram,Leiknir R.,2,5,0,599323
lengjudeild,2020,main,Leiknir F.,Þróttur R.,1,0,0,725509
lengjudeild,2020,main,Grindavík,Keflavík,4,4,0,604056
lengjudeild,2020,main,Þór,Vestri,0,1,0,670404
lengjudeild,2020,main,Víkingur Ó.,Fram,1,2,0,648699
lengjudeild,2020,main,Afturelding,Magni,7,0,0,761129
lengjudeild,2020,main,Leiknir R.,ÍBV,2,4,0,760783
lengjudeild,2020,main,Vestri,Grindavík,2,3,0,753533
lengjudeild,2020,main,Keflavík,Leiknir R.,1,2,0,734085
lengjudeild,2020,main,Magni,Leiknir F.,0,2,0,602643
lengjudeild,2020,main,Fram,Afturelding,1,0,0,599322
lengjudeild,2020,main,ÍBV,Víkingur Ó.,2,0,0,691918
lengjudeild,2020,main,Þróttur R.,Þór,0,2,0,752802
lengjudeild,2020,main,Afturelding,ÍBV,1,2,0,761145
lengjudeild,2020,main,Leiknir F.,Þór,2,3,0,725510
lengjudeild,2020,main,Víkingur Ó.,Keflavík,0,4,0,648696
lengjudeild,2020,main,Magni,Fram,1,2,0,602642
lengjudeild,2020,main,Grindavík,Þróttur R.,1,0,0,604031
lengjudeild,2020,main,Leiknir R.,Vestri,0,0,0,760773
lengjudeild,2020,main,Víkingur Ó.,Vestri,0,0,0,648695
lengjudeild,2020,main,ÍBV,Magni,2,0,0,691919
lengjudeild,2020,main,Fram,Leiknir F.,3,0,0,599319
lengjudeild,2020,main,Þróttur R.,Leiknir R.,1,3,0,752797
lengjudeild,2020,main,Keflavík,Afturelding,5,1,0,734039
lengjudeild,2020,main,Þór,Grindavík,2,1,0,670406
lengjudeild,2021,main,Vestri,Kórdrengir,3,3,0,753453
lengjudeild,2021,main,Grótta,ÍBV,2,3,0,749564
lengjudeild,2021,main,ÍBV,Vestri,1,2,0,692209
lengjudeild,2021,main,Selfoss,Fjölnir,0,1,0,746722
lengjudeild,2021,main,Fram,Afturelding,6,1,0,598990
lengjudeild,2021,main,Grindavík,Víkingur Ó.,2,4,0,604791
lengjudeild,2021,main,Þróttur R.,Þór,2,3,0,752764
lengjudeild,2021,main,Grótta,Afturelding,8,0,0,749571
lengjudeild,2021,main,Víkingur Ó.,Grótta,3,5,0,648522
lengjudeild,2021,main,ÍBV,Þróttur R.,3,2,0,692208
lengjudeild,2021,main,Fjölnir,Vestri,2,1,0,752041
lengjudeild,2021,main,Kórdrengir,Fram,2,2,0,760583
lengjudeild,2021,main,Afturelding,Grindavík,1,3,0,761153
lengjudeild,2021,main,Þór,Selfoss,1,2,0,761487
lengjudeild,2021,main,Fjölnir,ÍBV,2,1,0,751964
lengjudeild,2021,main,Þróttur R.,Víkingur Ó.,5,2,0,752739
lengjudeild,2021,main,Vestri,Þór,2,0,0,753544
lengjudeild,2021,main,Kórdrengir,Fjölnir,1,4,0,760593
lengjudeild,2021,main,Grindavík,Fram,0,2,0,604782
lengjudeild,2021,main,Selfoss,ÍBV,1,4,0,746955
lengjudeild,2021,main,Kórdrengir,Víkingur Ó.,4,0,0,760289
lengjudeild,2021,main,Afturelding,Vestri,2,2,0,761383
lengjudeild,2021,main,Þór,ÍBV,0,1,0,761495
lengjudeild,2021,main,Þór,Fjölnir,0,0,0,761504
lengjudeild,2021,main,Afturelding,Þróttur R.,3,1,0,761385
lengjudeild,2021,main,Grindavík,Kórdrengir,1,2,0,604781
lengjudeild,2021,main,Víkingur Ó.,Selfoss,0,3,0,648521
lengjudeild,2021,main,Fram,Grótta,2,1,0,598989
lengjudeild,2021,main,Grótta,Grindavík,2,1,0,749572
lengjudeild,2021,main,Þróttur R.,Fram,2,2,0,752146
lengjudeild,2021,main,Vestri,Víkingur Ó.,3,2,0,753401
lengjudeild,2021,main,Kórdrengir,Þór,2,0,0,760638
lengjudeild,2021,main,Selfoss,Afturelding,3,0,0,746981
lengjudeild,2021,main,Víkingur Ó.,Fjölnir,0,7,0,648520
lengjudeild,2021,main,Fram,Selfoss,2,1,0,598988
lengjudeild,2021,main,Grótta,Kórdrengir,2,1,0,749573
lengjudeild,2021,main,Grindavík,Þróttur R.,2,1,0,604773
lengjudeild,2021,main,Kórdrengir,ÍBV,0,1,0,760761
lengjudeild,2021,main,Þór,Víkingur Ó.,0,0,0,761478
lengjudeild,2021,main,Fjölnir,Afturelding,3,0,0,752076
lengjudeild,2021,main,Vestri,Fram,0,1,0,753542
lengjudeild,2021,main,Þróttur R.,Grótta,1,2,0,752662
lengjudeild,2021,main,Selfoss,Grindavík,3,2,0,747017
lengjudeild,2021,main,Víkingur Ó.,Fram,0,3,0,648518
lengjudeild,2021,main,Kórdrengir,Afturelding,2,1,0,760350
lengjudeild,2021,main,Víkingur Ó.,ÍBV,0,2,0,648519
lengjudeild,2021,main,Þróttur R.,Kórdrengir,0,3,0,752597
lengjudeild,2021,main,Afturelding,Þór,2,0,0,761382
lengjudeild,2021,main,Grindavík,Vestri,1,2,0,604768
lengjudeild,2021,main,Fram,Fjölnir,2,0,0,598983
lengjudeild,2021,main,Grótta,Selfoss,2,1,0,749575
lengjudeild,2021,main,ÍBV,Afturelding,2,0,0,692210
lengjudeild,2021,main,Selfoss,Þróttur R.,0,3,0,747124
lengjudeild,2021,main,Vestri,Grótta,4,3,0,753563
lengjudeild,2021,main,Fjölnir,Grindavík,2,1,0,751983
lengjudeild,2021,main,Þór,Fram,0,2,0,761486
lengjudeild,2021,main,Vestri,Selfoss,1,2,0,753523
lengjudeild,2021,main,Þór,Grótta,4,2,0,761477
lengjudeild,2021,main,ÍBV,Grindavík,4,1,0,692211
lengjudeild,2021,main,Fjölnir,Þróttur R.,3,1,0,752026
lengjudeild,2021,main,Vestri,Þróttur R.,2,1,0,753514
lengjudeild,2021,main,Grindavík,Þór,2,2,0,604760
lengjudeild,2021,main,Selfoss,Kórdrengir,0,1,0,747204
lengjudeild,2021,main,Grótta,Fjölnir,2,1,0,749578
lengjudeild,2021,main,Afturelding,Víkingur Ó.,6,1,0,761379
lengjudeild,2021,main,Fram,ÍBV,1,1,0,598981
lengjudeild,2021,main,Kórdrengir,Vestri,2,0,0,760114
lengjudeild,2021,main,Fjölnir,Selfoss,2,1,0,752079
lengjudeild,2021,main,Afturelding,Fram,0,2,0,761377
lengjudeild,2021,main,Víkingur Ó.,Grindavík,2,2,0,648517
lengjudeild,2021,main,ÍBV,Grótta,0,1,0,692212
lengjudeild,2021,main,Þór,Þróttur R.,5,1,0,761508
lengjudeild,2021,main,Grótta,Víkingur Ó.,3,2,0,749580
lengjudeild,2021,main,Fram,Kórdrengir,4,3,0,598977
lengjudeild,2021,main,Grindavík,Afturelding,3,3,0,604749
lengjudeild,2021,main,Selfoss,Þór,1,1,0,747382
lengjudeild,2021,main,Þróttur R.,ÍBV,0,1,0,752836
lengjudeild,2021,main,Vestri,Fjölnir,2,1,0,753504
lengjudeild,2021,main,Fjölnir,Kórdrengir,0,0,0,752086
lengjudeild,2021,main,Afturelding,Grótta,2,1,0,761373
lengjudeild,2021,main,Fram,Grindavík,2,2,0,598974
lengjudeild,2021,main,Víkingur Ó.,Þróttur R.,0,7,0,648516
lengjudeild,2021,main,ÍBV,Selfoss,3,2,0,692213
lengjudeild,2021,main,Þór,Vestri,1,1,0,761494
lengjudeild,2021,main,Vestri,ÍBV,0,3,0,753496
lengjudeild,2021,main,Grótta,Fram,0,1,0,749581
lengjudeild,2021,main,Fjölnir,Þór,0,3,0,752002
lengjudeild,2021,main,Selfoss,Víkingur Ó.,5,3,0,747479
lengjudeild,2021,main,Þróttur R.,Afturelding,1,3,0,752498
lengjudeild,2021,main,Kórdrengir,Grindavík,1,1,0,760119
lengjudeild,2021,main,Víkingur Ó.,Vestri,0,3,0,648515
lengjudeild,2021,main,Grindavík,Grótta,3,1,0,604739
lengjudeild,2021,main,Afturelding,Selfoss,3,3,0,761369
lengjudeild,2021,main,Þór,Kórdrengir,0,1,0,761480
lengjudeild,2021,main,ÍBV,Fjölnir,1,0,0,692214
lengjudeild,2021,main,Fram,Þróttur R.,5,1,0,598973
lengjudeild,2021,main,ÍBV,Þór,2,1,0,692215
lengjudeild,2021,main,Vestri,Afturelding,2,1,0,753492
lengjudeild,2021,main,Kórdrengir,Grótta,2,1,0,760121
lengjudeild,2021,main,Þróttur R.,Grindavík,2,3,0,752784
lengjudeild,2021,main,Selfoss,Fram,0,4,0,747544
lengjudeild,2021,main,Fjölnir,Víkingur Ó.,2,1,0,751997
lengjudeild,2021,main,Víkingur Ó.,Þór,2,2,0,648514
lengjudeild,2021,main,Fram,Vestri,4,0,0,598972
lengjudeild,2021,main,ÍBV,Kórdrengir,2,2,0,692226
lengjudeild,2021,main,Grótta,Þróttur R.,2,2,0,749583
lengjudeild,2021,main,Grindavík,Selfoss,1,0,0,604735
lengjudeild,2021,main,Afturelding,Fjölnir,2,2,0,761363
lengjudeild,2021,main,ÍBV,Víkingur Ó.,2,0,0,692227
lengjudeild,2021,main,Vestri,Grindavík,2,3,0,753481
lengjudeild,2021,main,Kórdrengir,Þróttur R.,2,1,0,760124
lengjudeild,2021,main,Selfoss,Grótta,3,3,0,747633
lengjudeild,2021,main,Fjölnir,Fram,0,1,0,751945
lengjudeild,2021,main,Þór,Afturelding,2,1,0,761509
lengjudeild,2021,main,Grótta,Vestri,5,0,0,749586
lengjudeild,2021,main,Grindavík,Fjölnir,0,2,0,604730
lengjudeild,2021,main,Víkingur Ó.,Kórdrengir,1,3,0,648513
lengjudeild,2021,main,Þróttur R.,Selfoss,3,1,0,752813
lengjudeild,2021,main,Afturelding,ÍBV,0,5,0,761362
lengjudeild,2021,main,Fram,Þór,4,1,0,598970
lengjudeild,2021,main,Þróttur R.,Vestri,1,3,0,752801
lengjudeild,2021,main,Kórdrengir,Selfoss,1,3,0,760129
lengjudeild,2021,main,Víkingur Ó.,Afturelding,1,5,0,648512
lengjudeild,2021,main,Fjölnir,Grótta,1,0,0,751980
lengjudeild,2021,main,ÍBV,Fram,0,2,0,692228
lengjudeild,2021,main,Þór,Grindavík,4,1,0,717730
lengjudeild,2021,main,Selfoss,Vestri,0,3,0,747747
lengjudeild,2021,main,Afturelding,Kórdrengir,1,1,0,761358
lengjudeild,2021,main,Grótta,Þór,4,3,0,749589
lengjudeild,2021,main,Grindavík,ÍBV,3,1,0,604723
lengjudeild,2021,main,Fram,Víkingur Ó.,4,2,0,598969
lengjudeild,2021,main,Þróttur R.,Fjölnir,1,3,0,752793
lengjudeild,2022,main,HK,Vestri,2,1,0,728306
lengjudeild,2022,main,Selfoss,KV,2,0,0,747847
lengjudeild,2022,main,Grótta,Grindavík,3,1,0,750529
lengjudeild,2022,main,Þróttur V.,Kórdrengir,0,3,0,757298
lengjudeild,2022,main,Þór,Fylkir,2,1,0,761511
lengjudeild,2022,main,Afturelding,Fjölnir,1,5,0,765460
lengjudeild,2022,main,Vestri,Selfoss,2,2,0,753559
lengjudeild,2022,main,Fylkir,Þróttur V.,4,0,0,754336
lengjudeild,2022,main,Fjölnir,Grótta,0,1,0,752092
lengjudeild,2022,main,Kórdrengir,Afturelding,4,0,0,598330
lengjudeild,2022,main,Grindavík,HK,4,3,0,604647
lengjudeild,2022,main,KV,Þór,1,0,0,639105
lengjudeild,2022,main,Þróttur V.,Þór,0,2,0,757259
lengjudeild,2022,main,KV,Vestri,1,1,0,639110
lengjudeild,2022,main,Selfoss,Grindavík,5,3,0,747944
lengjudeild,2022,main,Grótta,Kórdrengir,1,3,0,750556
lengjudeild,2022,main,HK,Fjölnir,3,1,0,728278
lengjudeild,2022,main,Afturelding,Fylkir,0,2,0,765478
lengjudeild,2022,main,Þór,Afturelding,0,0,0,761501
lengjudeild,2022,main,Þróttur V.,KV,1,2,0,757362
lengjudeild,2022,main,Fylkir,Grótta,5,1,0,754214
lengjudeild,2022,main,Fjölnir,Selfoss,4,1,0,752005
lengjudeild,2022,main,Kórdrengir,HK,1,3,0,598329
lengjudeild,2022,main,Grindavík,Vestri,2,2,0,604658
lengjudeild,2022,main,HK,Fylkir,0,2,0,728259
lengjudeild,2022,main,Grótta,Þór,1,0,0,750570
lengjudeild,2022,main,Afturelding,Þróttur V.,4,0,0,765487
lengjudeild,2022,main,Vestri,Fjölnir,4,1,0,753532
lengjudeild,2022,main,Selfoss,Kórdrengir,0,1,0,748075
lengjudeild,2022,main,KV,Grindavík,1,3,0,639112
lengjudeild,2022,main,Fylkir,Selfoss,4,3,0,754170
lengjudeild,2022,main,Afturelding,KV,4,1,0,765488
lengjudeild,2022,main,Þróttur V.,Grótta,0,1,0,757291
lengjudeild,2022,main,Kórdrengir,Vestri,4,0,0,598327
lengjudeild,2022,main,Fjölnir,Grindavík,4,3,0,752014
lengjudeild,2022,main,Grindavík,Kórdrengir,2,0,0,604744
lengjudeild,2022,main,Þór,HK,2,0,0,761493
lengjudeild,2022,main,Vestri,Fylkir,0,1,0,753469
lengjudeild,2022,main,KV,Fjölnir,1,4,0,639115
lengjudeild,2022,main,Grótta,Afturelding,4,2,0,750589
lengjudeild,2022,main,HK,Þróttur V.,4,1,0,728228
lengjudeild,2022,main,Selfoss,Þór,2,1,0,748198
lengjudeild,2022,main,Þór,Vestri,1,0,0,761505
lengjudeild,2022,main,Fylkir,Grindavík,5,2,0,754156
lengjudeild,2022,main,Afturelding,HK,0,1,0,765519
lengjudeild,2022,main,KV,Grótta,2,1,0,639122
lengjudeild,2022,main,Kórdrengir,Fjölnir,0,0,0,598323
lengjudeild,2022,main,Þróttur V.,Selfoss,1,1,0,757238
lengjudeild,2022,main,Vestri,Þróttur V.,4,0,0,753438
lengjudeild,2022,main,HK,Grótta,2,1,0,728219
lengjudeild,2022,main,Grindavík,Þór,1,2,0,604751
lengjudeild,2022,main,KV,Kórdrengir,2,2,0,639126
lengjudeild,2022,main,Selfoss,Afturelding,1,4,0,748228
lengjudeild,2022,main,Fjölnir,Fylkir,0,2,0,752007
lengjudeild,2022,main,Vestri,Grótta,3,1,0,753436
lengjudeild,2022,main,Kórdrengir,Þór,2,4,0,598322
lengjudeild,2022,main,Grindavík,Afturelding,4,5,0,604753
lengjudeild,2022,main,KV,Fylkir,2,3,0,639133
lengjudeild,2022,main,Selfoss,HK,1,2,0,748239
lengjudeild,2022,main,Fjölnir,Þróttur V.,6,0,0,752100
lengjudeild,2022,main,Þróttur V.,HK,1,2,0,757326
lengjudeild,2022,main,Vestri,Afturelding,1,4,0,753432
lengjudeild,2022,main,Þór,Fjölnir,1,4,0,761497
lengjudeild,2022,main,Fylkir,Kórdrengir,4,1,0,754260
lengjudeild,2022,main,Þróttur V.,Grindavík,2,0,0,757339
lengjudeild,2022,main,Grótta,Selfoss,3,0,0,750599
lengjudeild,2022,main,HK,KV,4,0,0,728210
lengjudeild,2022,main,Fylkir,Þór,4,0,0,754282
lengjudeild,2022,main,Vestri,HK,3,3,0,753408
lengjudeild,2022,main,KV,Selfoss,1,2,0,639142
lengjudeild,2022,main,Grindavík,Grótta,3,1,0,604759
lengjudeild,2022,main,Kórdrengir,Þróttur V.,1,0,0,598321
lengjudeild,2022,main,Fjölnir,Afturelding,2,1,0,752033
lengjudeild,2022,main,Grótta,Fjölnir,4,1,0,750608
lengjudeild,2022,main,HK,Grindavík,2,1,0,728171
lengjudeild,2022,main,Þróttur V.,Fylkir,0,3,0,757294
lengjudeild,2022,main,Afturelding,Kórdrengir,2,1,0,765532
lengjudeild,2022,main,Þór,KV,3,1,0,761496
lengjudeild,2022,main,Selfoss,Vestri,0,1,0,748353
lengjudeild,2022,main,Vestri,KV,2,4,0,753404
lengjudeild,2022,main,Kórdrengir,Grótta,1,0,0,598320
lengjudeild,2022,main,Grindavík,Selfoss,2,2,0,604761
lengjudeild,2022,main,Fylkir,Afturelding,2,2,0,754320
lengjudeild,2022,main,Þór,Þróttur V.,5,0,0,761499
lengjudeild,2022,main,Fjölnir,HK,3,1,0,752008
lengjudeild,2022,main,Grótta,Þróttur V.,1,0,0,750616
lengjudeild,2022,main,Vestri,Grindavík,2,1,0,753402
lengjudeild,2022,main,Afturelding,Þór,4,1,0,765551
lengjudeild,2022,main,Selfoss,Fjölnir,2,0,0,748386
lengjudeild,2022,main,Grótta,Fylkir,2,5,0,750612
lengjudeild,2022,main,HK,Kórdrengir,3,1,0,728160
lengjudeild,2022,main,KV,Þróttur V.,1,1,0,639146
lengjudeild,2022,main,Fjölnir,Vestri,1,2,0,751955
lengjudeild,2022,main,Grindavík,KV,2,1,0,604778
lengjudeild,2022,main,Kórdrengir,Selfoss,4,3,0,598318
lengjudeild,2022,main,Þróttur V.,Afturelding,0,1,0,757368
lengjudeild,2022,main,Fylkir,HK,0,1,0,754374
lengjudeild,2022,main,Þór,Grótta,0,1,0,761500
lengjudeild,2022,main,HK,Þór,3,1,0,728149
lengjudeild,2022,main,Vestri,Kórdrengir,2,2,0,753394
lengjudeild,2022,main,Selfoss,Fylkir,2,2,0,748422
lengjudeild,2022,main,KV,Afturelding,2,1,0,639153
lengjudeild,2022,main,Grindavík,Fjölnir,2,2,0,604783
lengjudeild,2022,main,Fylkir,Vestri,5,0,0,754184
lengjudeild,2022,main,Afturelding,Grótta,2,2,0,765563
lengjudeild,2022,main,Kórdrengir,Grindavík,1,1,0,598315
lengjudeild,2022,main,Fjölnir,KV,3,1,0,752120
lengjudeild,2022,main,Þór,Selfoss,0,2,0,761482
lengjudeild,2022,main,Vestri,Þór,3,3,0,753368
lengjudeild,2022,main,Grótta,KV,5,1,0,750619
lengjudeild,2022,main,Grindavík,Fylkir,1,0,0,604810
lengjudeild,2022,main,HK,Afturelding,2,0,0,728133
lengjudeild,2022,main,Selfoss,Þróttur V.,4,0,0,748470
lengjudeild,2022,main,Fjölnir,Kórdrengir,1,1,0,751950
lengjudeild,2022,main,Þróttur V.,Vestri,1,1,0,757331
lengjudeild,2022,main,Þór,Grindavík,1,1,0,761485
lengjudeild,2022,main,Afturelding,Selfoss,1,1,0,765580
lengjudeild,2022,main,Kórdrengir,KV,2,0,0,598312
lengjudeild,2022,main,Grótta,HK,2,0,0,750628
lengjudeild,2022,main,Fylkir,Fjölnir,5,2,0,754281
lengjudeild,2022,main,Afturelding,Vestri,0,2,0,765584
lengjudeild,2022,main,Selfoss,Grótta,2,1,0,748511
lengjudeild,2022,main,Fjölnir,Þór,4,1,0,752105
lengjudeild,2022,main,Kórdrengir,Fylkir,1,1,0,598309
lengjudeild,2022,main,Grindavík,Þróttur V.,3,0,0,604844
lengjudeild,2022,main,KV,HK,1,3,0,639190
lengjudeild,2022,main,Grótta,Vestri,5,0,0,750630
lengjudeild,2022,main,Afturelding,Grindavík,1,1,0,765586
lengjudeild,2022,main,Þróttur V.,Fjölnir,0,3,0,757314
lengjudeild,2022,main,Þór,Kórdrengir,1,0,0,717789
lengjudeild,2022,main,HK,Selfoss,2,3,0,728129
lengjudeild,2022,main,Fylkir,KV,3,1,0,754366
lengjudeild,2023,main,ÍA,Grótta,4,1,0,743555
lengjudeild,2023,main,Selfoss,Vestri,1,2,0,746143
lengjudeild,2023,main,Fjölnir,Njarðvík,4,0,0,752052
lengjudeild,2023,main,Þróttur R.,Afturelding,2,1,0,766036
lengjudeild,2023,main,Þór,Grindavík,3,0,0,767980
lengjudeild,2023,main,Ægir,Leiknir R.,0,5,0,669105
lengjudeild,2023,main,Grótta,Þór,1,0,0,750852
lengjudeild,2023,main,Grindavík,Selfoss,2,1,0,767910
lengjudeild,2023,main,Afturelding,Ægir,5,0,0,765701
lengjudeild,2023,main,Vestri,Þróttur R.,2,1,0,753494
lengjudeild,2023,main,Njarðvík,ÍA,2,4,0,757731
lengjudeild,2023,main,Leiknir R.,Fjölnir,1,2,0,760793
lengjudeild,2023,main,Njarðvík,Leiknir R.,2,4,0,757733
lengjudeild,2023,main,Ægir,Vestri,0,5,0,727812
lengjudeild,2023,main,Þór,ÍA,2,3,0,767978
lengjudeild,2023,main,Selfoss,Grótta,1,0,0,746046
lengjudeild,2023,main,Fjölnir,Afturelding,4,2,0,752122
lengjudeild,2023,main,Þróttur R.,Grindavík,5,0,0,766985
lengjudeild,2023,main,Afturelding,Leiknir R.,0,2,0,765704
lengjudeild,2023,main,Vestri,Fjölnir,3,1,0,753490
lengjudeild,2023,main,Grótta,Þróttur R.,2,2,0,750858
lengjudeild,2023,main,ÍA,Selfoss,1,0,0,743645
lengjudeild,2023,main,Grindavík,Ægir,7,2,0,767911
lengjudeild,2023,main,Þór,Njarðvík,0,3,0,767982
lengjudeild,2023,main,Ægir,Grótta,2,2,0,669099
lengjudeild,2023,main,Fjölnir,Grindavík,5,1,0,752006
lengjudeild,2023,main,Þróttur R.,ÍA,1,1,0,766050
lengjudeild,2023,main,Selfoss,Þór,2,2,0,746037
lengjudeild,2023,main,Njarðvík,Afturelding,1,2,0,757755
lengjudeild,2023,main,Leiknir R.,Vestri,1,2,0,760259
lengjudeild,2023,main,Grótta,Fjölnir,3,3,0,750860
lengjudeild,2023,main,Selfoss,Njarðvík,2,3,0,746032
lengjudeild,2023,main,Vestri,Afturelding,2,2,0,753489
lengjudeild,2023,main,ÍA,Ægir,4,0,0,743654
lengjudeild,2023,main,Þór,Þróttur R.,2,1,0,767984
lengjudeild,2023,main,Grindavík,Leiknir R.,1,0,0,767918
lengjudeild,2023,main,Þróttur R.,Selfoss,4,3,0,766056
lengjudeild,2023,main,Njarðvík,Vestri,2,0,0,757770
lengjudeild,2023,main,Fjölnir,ÍA,0,1,0,751973
lengjudeild,2023,main,Ægir,Þór,2,3,0,669097
lengjudeild,2023,main,Leiknir R.,Grótta,2,1,0,760277
lengjudeild,2023,main,Afturelding,Grindavík,1,2,0,765715
lengjudeild,2023,main,Grótta,ÍA,1,3,0,750863
lengjudeild,2023,main,Vestri,Selfoss,2,1,0,753321
lengjudeild,2023,main,ÍA,Leiknir R.,1,5,0,743658
lengjudeild,2023,main,Selfoss,Ægir,3,1,0,746014
lengjudeild,2023,main,Afturelding,Grótta,1,1,0,765717
lengjudeild,2023,main,Þróttur R.,Njarðvík,3,5,0,766058
lengjudeild,2023,main,Grindavík,Vestri,1,1,0,767925
lengjudeild,2023,main,Þór,Fjölnir,0,1,0,768015
lengjudeild,2023,main,Leiknir R.,Þór,1,0,0,760300
lengjudeild,2023,main,Njarðvík,Grindavík,4,1,0,757772
lengjudeild,2023,main,Fjölnir,Selfoss,2,4,0,752048
lengjudeild,2023,main,Vestri,Grótta,3,0,0,753488
lengjudeild,2023,main,Afturelding,ÍA,2,5,0,765718
lengjudeild,2023,main,Ægir,Þróttur R.,2,2,0,669093
lengjudeild,2023,main,Selfoss,Grindavík,2,0,0,745975
lengjudeild,2023,main,Þór,Grótta,3,1,0,671551
lengjudeild,2023,main,Vestri,Þór,1,0,0,753487
lengjudeild,2023,main,Afturelding,Selfoss,9,0,0,765719
lengjudeild,2023,main,Njarðvík,Grótta,1,3,0,757775
lengjudeild,2023,main,Grindavík,ÍA,0,2,0,767927
lengjudeild,2023,main,Fjölnir,Ægir,5,1,0,752109
lengjudeild,2023,main,Leiknir R.,Þróttur R.,3,2,0,760311
lengjudeild,2023,main,Þróttur R.,Fjölnir,2,2,0,766059
lengjudeild,2023,main,Þór,Afturelding,1,3,0,671546
lengjudeild,2023,main,Ægir,Njarðvík,1,0,0,669088
lengjudeild,2023,main,Selfoss,Leiknir R.,2,4,0,746006
lengjudeild,2023,main,ÍA,Vestri,1,1,0,743663
lengjudeild,2023,main,Grótta,Grindavík,2,0,0,750862
lengjudeild,2023,main,Afturelding,Þróttur R.,1,0,0,765725
lengjudeild,2023,main,Leiknir R.,Ægir,3,2,0,760322
lengjudeild,2023,main,Njarðvík,Fjölnir,1,1,0,757789
lengjudeild,2023,main,Grindavík,Þór,1,1,0,767915
lengjudeild,2023,main,Þróttur R.,Vestri,1,2,0,766061
lengjudeild,2023,main,ÍA,Njarðvík,2,1,0,743669
lengjudeild,2023,main,Ægir,Afturelding,1,4,0,669089
lengjudeild,2023,main,Fjölnir,Leiknir R.,4,1,0,752029
lengjudeild,2023,main,Leiknir R.,Njarðvík,3,0,0,760189
lengjudeild,2023,main,Vestri,Ægir,1,2,0,753486
lengjudeild,2023,main,Grindavík,Þróttur R.,1,2,0,767922
lengjudeild,2023,main,Afturelding,Fjölnir,4,3,0,765727
lengjudeild,2023,main,ÍA,Þór,4,0,0,743701
lengjudeild,2023,main,Grótta,Selfoss,1,0,0,750882
lengjudeild,2023,main,Vestri,Leiknir R.,1,0,0,753485
lengjudeild,2023,main,Fjölnir,Vestri,1,1,0,752087
lengjudeild,2023,main,Njarðvík,Þór,2,2,0,757790
lengjudeild,2023,main,Selfoss,ÍA,3,4,0,745955
lengjudeild,2023,main,Leiknir R.,Afturelding,2,2,0,760196
lengjudeild,2023,main,Þróttur R.,Grótta,2,1,0,766062
lengjudeild,2023,main,Ægir,Grindavík,1,3,0,669086
lengjudeild,2023,main,ÍA,Þróttur R.,6,3,0,743753
lengjudeild,2023,main,Afturelding,Njarðvík,7,2,0,765728
lengjudeild,2023,main,Þór,Selfoss,2,1,0,671553
lengjudeild,2023,main,Grótta,Ægir,2,1,0,750899
lengjudeild,2023,main,Grindavík,Fjölnir,0,1,0,767928
lengjudeild,2023,main,Afturelding,Vestri,3,1,0,765732
lengjudeild,2023,main,Þróttur R.,Þór,3,0,0,766004
lengjudeild,2023,main,Leiknir R.,Grindavík,2,2,0,760195
lengjudeild,2023,main,Ægir,ÍA,0,1,0,669085
lengjudeild,2023,main,Fjölnir,Grótta,2,2,0,715394
lengjudeild,2023,main,Njarðvík,Selfoss,1,1,0,757798
lengjudeild,2023,main,Vestri,Njarðvík,2,0,0,753484
lengjudeild,2023,main,Grótta,Leiknir R.,5,1,0,750900
lengjudeild,2023,main,Þór,Ægir,3,1,0,671554
lengjudeild,2023,main,ÍA,Fjölnir,1,2,0,743757
lengjudeild,2023,main,Selfoss,Þróttur R.,2,1,0,748937
lengjudeild,2023,main,Grindavík,Afturelding,0,3,0,767926
lengjudeild,2023,main,Vestri,Grindavík,0,2,0,753483
lengjudeild,2023,main,Ægir,Selfoss,1,3,0,669083
lengjudeild,2023,main,Njarðvík,Þróttur R.,3,1,0,757803
lengjudeild,2023,main,Leiknir R.,ÍA,2,3,0,760182
lengjudeild,2023,main,Fjölnir,Þór,6,0,0,715391
lengjudeild,2023,main,Grótta,Afturelding,2,3,0,750901
lengjudeild,2023,main,ÍA,Afturelding,1,1,0,743762
lengjudeild,2023,main,Grindavík,Njarðvík,1,0,0,767937
lengjudeild,2023,main,Þróttur R.,Ægir,3,1,0,766006
lengjudeild,2023,main,Grótta,Vestri,2,2,0,750902
lengjudeild,2023,main,Selfoss,Fjölnir,1,2,0,748935
lengjudeild,2023,main,Þór,Leiknir R.,1,0,0,671555
lengjudeild,2023,main,Vestri,ÍA,2,2,0,753482
lengjudeild,2023,main,Afturelding,Þór,1,0,0,598264
lengjudeild,2023,main,Leiknir R.,Selfoss,2,3,0,760353
lengjudeild,2023,main,Grindavík,Grótta,0,0,0,767935
lengjudeild,2023,main,Njarðvík,Ægir,2,2,0,763449
lengjudeild,2023,main,Fjölnir,Þróttur R.,3,3,0,715389
lengjudeild,2023,main,Þór,Vestri,2,1,0,715846
lengjudeild,2023,main,ÍA,Grindavík,0,2,0,743766
lengjudeild,2023,main,Ægir,Fjölnir,0,1,0,669081
lengjudeild,2023,main,Grótta,Njarðvík,1,1,0,750904
lengjudeild,2023,main,Selfoss,Afturelding,1,3,0,748930
lengjudeild,2023,main,Þróttur R.,Leiknir R.,1,3,0,766007
lengjudeild,2024,main,Dalvík/Reynir,Þróttur R.,2,5,0,586337
lengjudeild,2024,main,Grótta,Þór,1,2,0,750148
lengjudeild,2024,main,Leiknir R.,ÍBV,1,1,0,760506
lengjudeild,2024,main,Keflavík,Fjölnir,4,0,0,762049
lengjudeild,2024,main,Afturelding,ÍR,3,0,0,765526
lengjudeild,2024,main,Grindavík,Njarðvík,2,2,0,769426
lengjudeild,2024,main,Þór,Dalvík/Reynir,2,0,0,767995
lengjudeild,2024,main,Þróttur R.,Leiknir R.,2,3,1,766094
lengjudeild,2024,main,Fjölnir,Afturelding,2,0,0,751971
lengjudeild,2024,main,ÍR,Grótta,2,1,0,618414
lengjudeild,2024,main,ÍBV,Grindavík,6,0,0,692398
lengjudeild,2024,main,Njarðvík,Keflavík,0,0,0,757765
lengjudeild,2024,main,Leiknir R.,Dalvík/Reynir,2,1,0,760575
lengjudeild,2024,main,Þór,ÍR,1,1,0,767986
lengjudeild,2024,main,Grótta,Fjölnir,2,1,0,750152
lengjudeild,2024,main,Afturelding,Njarðvík,4,1,0,765522
lengjudeild,2024,main,Keflavík,ÍBV,3,2,0,762048
lengjudeild,2024,main,Grindavík,Þróttur R.,2,2,0,769420
lengjudeild,2024,main,Leiknir R.,Þór,5,1,0,760433
lengjudeild,2024,main,Dalvík/Reynir,Grindavík,1,7,0,586315
lengjudeild,2024,main,ÍBV,Afturelding,2,3,0,692399
lengjudeild,2024,main,Þróttur R.,Keflavík,3,2,0,766108
lengjudeild,2024,main,Njarðvík,Grótta,1,0,0,757749
lengjudeild,2024,main,Fjölnir,ÍR,1,2,0,751972
lengjudeild,2024,main,Afturelding,Þróttur R.,1,0,0,765554
lengjudeild,2024,main,Þór,Fjölnir,1,1,0,768017
lengjudeild,2024,main,ÍBV,Grótta,2,1,0,692367
lengjudeild,2024,main,ÍR,Njarðvík,1,1,0,618535
lengjudeild,2024,main,Grindavík,Leiknir R.,3,3,0,769430
lengjudeild,2024,main,Keflavík,Dalvík/Reynir,3,1,0,762057
lengjudeild,2024,main,Njarðvík,Fjölnir,0,0,0,757805
lengjudeild,2024,main,Þróttur R.,Grótta,3,1,0,766107
lengjudeild,2024,main,Leiknir R.,Keflavík,0,0,0,760437
lengjudeild,2024,main,ÍBV,ÍR,2,2,0,692368
lengjudeild,2024,main,Dalvík/Reynir,Afturelding,1,3,0,586317
lengjudeild,2024,main,Grindavík,Þór,3,0,0,769412
lengjudeild,2024,main,Þór,Njarðvík,2,2,0,767989
lengjudeild,2024,main,Grótta,Dalvík/Reynir,2,3,0,750131
lengjudeild,2024,main,ÍR,Þróttur R.,1,0,0,618522
lengjudeild,2024,main,Fjölnir,ÍBV,1,5,0,752019
lengjudeild,2024,main,Afturelding,Leiknir R.,1,1,0,765552
lengjudeild,2024,main,Keflavík,Grindavík,2,1,0,762056
lengjudeild,2024,main,ÍBV,Njarðvík,2,1,0,692369
lengjudeild,2024,main,Þróttur R.,Fjölnir,0,0,0,766106
lengjudeild,2024,main,Keflavík,Þór,3,2,0,762055
lengjudeild,2024,main,Dalvík/Reynir,ÍR,1,1,0,586320
lengjudeild,2024,main,Leiknir R.,Grótta,3,1,0,760441
lengjudeild,2024,main,Grindavík,Afturelding,0,3,0,769431
lengjudeild,2024,main,Þór,ÍBV,0,3,0,768001
lengjudeild,2024,main,Fjölnir,Dalvík/Reynir,1,1,0,752021
lengjudeild,2024,main,Grótta,Grindavík,3,1,0,750133
lengjudeild,2024,main,ÍR,Leiknir R.,1,0,0,618514
lengjudeild,2024,main,Njarðvík,Þróttur R.,1,1,0,757800
lengjudeild,2024,main,Afturelding,Keflavík,1,3,0,765549
lengjudeild,2024,main,Þór,Þróttur R.,0,1,0,768007
lengjudeild,2024,main,ÍBV,Dalvík/Reynir,1,0,0,692370
lengjudeild,2024,main,ÍR,Keflavík,0,1,0,618485
lengjudeild,2024,main,Grótta,Afturelding,1,4,0,750134
lengjudeild,2024,main,Njarðvík,Leiknir R.,3,2,0,757794
lengjudeild,2024,main,Fjölnir,Grindavík,5,1,0,752025
lengjudeild,2024,main,Afturelding,Þór,0,3,0,765548
lengjudeild,2024,main,Dalvík/Reynir,Njarðvík,0,0,0,586322
lengjudeild,2024,main,ÍR,Grindavík,3,0,0,618474
lengjudeild,2024,main,Leiknir R.,Fjölnir,0,1,0,760451
lengjudeild,2024,main,Keflavík,Grótta,2,1,0,762054
lengjudeild,2024,main,Þróttur R.,ÍBV,2,1,0,766105
lengjudeild,2024,main,Þór,Grindavík,2,2,0,767987
lengjudeild,2024,main,Þróttur R.,Dalvík/Reynir,4,1,0,766104
lengjudeild,2024,main,ÍBV,Leiknir R.,1,0,0,692380
lengjudeild,2024,main,ÍR,Afturelding,3,0,0,618458
lengjudeild,2024,main,Njarðvík,Grindavík,0,1,0,757793
lengjudeild,2024,main,Þór,Grótta,3,1,0,768010
lengjudeild,2024,main,Fjölnir,Keflavík,0,0,0,752028
lengjudeild,2024,main,Þróttur R.,Grindavík,1,0,0,766102
lengjudeild,2024,main,Njarðvík,Afturelding,2,5,0,757784
lengjudeild,2024,main,ÍR,Þór,1,1,0,618449
lengjudeild,2024,main,Dalvík/Reynir,Leiknir R.,0,1,0,586325
lengjudeild,2024,main,ÍBV,Keflavík,5,0,0,692393
lengjudeild,2024,main,Fjölnir,Grótta,5,2,0,752031
lengjudeild,2024,main,Grótta,ÍR,1,3,0,750137
lengjudeild,2024,main,Leiknir R.,Þróttur R.,3,1,0,760454
lengjudeild,2024,main,Dalvík/Reynir,Þór,1,3,0,586324
lengjudeild,2024,main,Afturelding,Fjölnir,0,1,0,765542
lengjudeild,2024,main,Keflavík,Njarðvík,1,1,0,762053
lengjudeild,2024,main,Grindavík,ÍBV,3,1,0,769437
lengjudeild,2024,main,Grindavík,Dalvík/Reynir,3,1,0,769417
lengjudeild,2024,main,Þór,Leiknir R.,1,2,0,767992
lengjudeild,2024,main,Keflavík,Þróttur R.,1,1,0,762052
lengjudeild,2024,main,ÍR,Fjölnir,3,1,0,618438
lengjudeild,2024,main,Afturelding,ÍBV,0,3,0,765540
lengjudeild,2024,main,Grótta,Njarðvík,2,3,0,750139
lengjudeild,2024,main,Fjölnir,Þór,1,0,0,752035
lengjudeild,2024,main,Leiknir R.,Grindavík,2,3,0,760466
lengjudeild,2024,main,Dalvík/Reynir,Keflavík,0,0,0,586328
lengjudeild,2024,main,Njarðvík,ÍR,3,0,0,757783
lengjudeild,2024,main,Þróttur R.,Afturelding,1,2,0,766101
lengjudeild,2024,main,Grótta,ÍBV,0,3,0,750140
lengjudeild,2024,main,Afturelding,Dalvík/Reynir,4,3,0,765534
lengjudeild,2024,main,Grótta,Þróttur R.,1,1,0,750142
lengjudeild,2024,main,ÍR,ÍBV,2,2,0,618434
lengjudeild,2024,main,Fjölnir,Njarðvík,4,2,0,707258
lengjudeild,2024,main,Keflavík,Leiknir R.,5,0,0,762051
lengjudeild,2024,main,ÍBV,Fjölnir,2,2,0,692394
lengjudeild,2024,main,Dalvík/Reynir,Grótta,2,2,0,586330
lengjudeild,2024,main,Leiknir R.,Afturelding,0,1,0,760489
lengjudeild,2024,main,Þróttur R.,ÍR,5,0,0,766100
lengjudeild,2024,main,Grindavík,Keflavík,2,2,0,769424
lengjudeild,2024,main,Njarðvík,Þór,5,1,0,757777
lengjudeild,2024,main,Njarðvík,ÍBV,0,0,0,757767
lengjudeild,2024,main,ÍR,Dalvík/Reynir,1,1,0,618433
lengjudeild,2024,main,Grótta,Leiknir R.,4,3,0,750145
lengjudeild,2024,main,Þór,Keflavík,1,1,0,767983
lengjudeild,2024,main,Afturelding,Grindavík,1,1,0,765530
lengjudeild,2024,main,Fjölnir,Þróttur R.,3,1,0,707252
lengjudeild,2024,main,Keflavík,Afturelding,3,0,0,762050
lengjudeild,2024,main,Grindavík,Grótta,2,2,0,769415
lengjudeild,2024,main,ÍBV,Þór,1,1,0,692395
lengjudeild,2024,main,Dalvík/Reynir,Fjölnir,0,0,0,586332
lengjudeild,2024,main,Leiknir R.,ÍR,1,0,0,760497
lengjudeild,2024,main,Þróttur R.,Njarðvík,0,1,0,766099
lengjudeild,2024,main,Grindavík,ÍR,1,1,0,769423
lengjudeild,2024,main,Grótta,Keflavík,1,0,0,750147
lengjudeild,2024,main,ÍBV,Þróttur R.,4,2,0,692396
lengjudeild,2024,main,Fjölnir,Leiknir R.,1,0,0,707243
lengjudeild,2024,main,Þór,Afturelding,4,2,0,716239
lengjudeild,2024,main,Njarðvík,Dalvík/Reynir,3,0,0,763827
lengjudeild,2024,main,Dalvík/Reynir,ÍBV,3,1,0,586336
lengjudeild,2024,main,Leiknir R.,Njarðvík,1,2,0,760501
lengjudeild,2024,main,Afturelding,Grótta,1,1,0,765527
lengjudeild,2024,main,Þróttur R.,Þór,1,1,0,766095
lengjudeild,2024,main,Keflavík,ÍR,1,2,0,763824
lengjudeild,2024,main,Grindavík,Fjölnir,2,3,0,685690
lengjudeild,2025,main,Fjölnir,Leiknir R.,1,2,0,700671
lengjudeild,2025,main,Selfoss,Keflavík,1,4,0,748282
lengjudeild,2025,main,Völsungur,HK,0,4,0,765151
lengjudeild,2025,main,Þróttur R.,Þór,1,2,0,766126
lengjudeild,2025,main,ÍR,Fylkir,1,2,0,769612
lengjudeild,2025,main,Njarðvík,Grindavík,3,0,0,769777
lengjudeild,2025,main,Fylkir,Völsungur,1,2,0,769726
lengjudeild,2025,main,Grindavík,ÍR,3,1,0,767909
lengjudeild,2025,main,Leiknir R.,Selfoss,2,0,0,760223
lengjudeild,2025,main,Keflavík,Njarðvík,2,1,0,762000
lengjudeild,2025,main,Þór,Fjölnir,2,1,0,716420
lengjudeild,2025,main,HK,Þróttur R.,5,2,0,729108
lengjudeild,2025,main,Selfoss,Þór,3,2,0,748272
lengjudeild,2025,main,Völsungur,Grindavík,2,0,0,764995
lengjudeild,2025,main,HK,Fylkir,0,2,0,729102
lengjudeild,2025,main,Fjölnir,Þróttur R.,1,2,0,700631
lengjudeild,2025,main,ÍR,Keflavík,4,2,0,769592
lengjudeild,2025,main,Njarðvík,Leiknir R.,3,1,0,769798
lengjudeild,2025,main,Keflavík,Völsungur,7,2,0,761999
lengjudeild,2025,main,Þór,Njarðvík,3,1,0,716433
lengjudeild,2025,main,Fjölnir,HK,1,5,0,700614
lengjudeild,2025,main,Leiknir R.,ÍR,1,1,0,760639
lengjudeild,2025,main,Grindavík,Fylkir,0,4,0,767913
lengjudeild,2025,main,Þróttur R.,Selfoss,2,1,0,766113
lengjudeild,2025,main,Völsungur,Leiknir R.,1,2,0,765237
lengjudeild,2025,main,ÍR,Þór,0,1,0,769601
lengjudeild,2025,main,Njarðvík,Þróttur R.,2,3,0,769790
lengjudeild,2025,main,Fylkir,Keflavík,4,0,0,769718
lengjudeild,2025,main,Selfoss,Fjölnir,1,2,0,748267
lengjudeild,2025,main,HK,Grindavík,3,3,0,729101
lengjudeild,2025,main,Þróttur R.,ÍR,3,1,0,766015
lengjudeild,2025,main,Fjölnir,Njarðvík,1,2,0,596041
lengjudeild,2025,main,Selfoss,HK,3,0,0,748257
lengjudeild,2025,main,Leiknir R.,Fylkir,1,0,0,760165
lengjudeild,2025,main,Keflavík,Grindavík,4,0,0,761998
lengjudeild,2025,main,Völsungur,Þór,2,5,0,765079
lengjudeild,2025,main,Völsungur,Þróttur R.,2,2,0,765086
lengjudeild,2025,main,ÍR,Fjölnir,3,3,0,769589
lengjudeild,2025,main,Grindavík,Leiknir R.,3,2,0,767941
lengjudeild,2025,main,Njarðvík,Selfoss,2,1,0,769784
lengjudeild,2025,main,HK,Keflavík,3,0,0,729022
lengjudeild,2025,main,Fylkir,Þór,1,2,0,769735
lengjudeild,2025,main,Selfoss,ÍR,0,1,0,748120
lengjudeild,2025,main,Fjölnir,Völsungur,1,1,0,596049
lengjudeild,2025,main,Leiknir R.,Keflavík,0,2,0,760142
lengjudeild,2025,main,Njarðvík,HK,3,0,0,769793
lengjudeild,2025,main,Þróttur R.,Fylkir,2,1,0,766080
lengjudeild,2025,main,Þór,Grindavík,2,0,0,716489
lengjudeild,2025,main,Völsungur,Selfoss,4,0,0,765107
lengjudeild,2025,main,Grindavík,Þróttur R.,1,2,0,767919
lengjudeild,2025,main,ÍR,Njarðvík,2,2,0,769595
lengjudeild,2025,main,Fylkir,Fjölnir,3,3,0,769699
lengjudeild,2025,main,HK,Leiknir R.,1,0,0,728982
lengjudeild,2025,main,Keflavík,Þór,2,2,0,761997
lengjudeild,2025,main,Völsungur,ÍR,2,3,0,765095
lengjudeild,2025,main,Fylkir,Njarðvík,0,1,0,769753
lengjudeild,2025,main,Keflavík,Fjölnir,5,4,0,761996
lengjudeild,2025,main,Leiknir R.,Þróttur R.,1,1,0,760151
lengjudeild,2025,main,Grindavík,Selfoss,0,2,0,757271
lengjudeild,2025,main,HK,Þór,1,2,0,728981
lengjudeild,2025,main,Þór,Leiknir R.,2,0,0,716825
lengjudeild,2025,main,Völsungur,Njarðvík,1,1,0,765060
lengjudeild,2025,main,Selfoss,Fylkir,3,1,0,748082
lengjudeild,2025,main,Þróttur R.,Keflavík,3,2,0,766135
lengjudeild,2025,main,ÍR,HK,1,2,0,769593
lengjudeild,2025,main,Fjölnir,Grindavík,2,3,0,596070
lengjudeild,2025,main,Grindavík,Keflavík,1,4,0,767920
lengjudeild,2025,main,HK,Völsungur,3,1,0,728948
lengjudeild,2025,main,Leiknir R.,Fjölnir,0,1,0,760158
lengjudeild,2025,main,Fylkir,ÍR,1,2,0,769667
lengjudeild,2025,main,Grindavík,Njarðvík,1,5,0,767932
lengjudeild,2025,main,Keflavík,Selfoss,3,2,0,761995
lengjudeild,2025,main,Þór,Þróttur R.,1,2,0,716829
lengjudeild,2025,main,Völsungur,Fylkir,1,4,0,765005
lengjudeild,2025,main,Selfoss,Leiknir R.,2,2,0,748042
lengjudeild,2025,main,ÍR,Grindavík,6,1,0,769605
lengjudeild,2025,main,Þróttur R.,HK,2,2,0,766157
lengjudeild,2025,main,Fjölnir,Þór,0,5,0,596075
lengjudeild,2025,main,Njarðvík,Keflavík,3,1,0,769788
lengjudeild,2025,main,Keflavík,ÍR,0,0,0,761994
lengjudeild,2025,main,Þór,Selfoss,2,0,0,716854
lengjudeild,2025,main,Grindavík,Völsungur,2,4,0,767942
lengjudeild,2025,main,Fylkir,HK,1,2,0,769769
lengjudeild,2025,main,Leiknir R.,Njarðvík,1,1,0,760172
lengjudeild,2025,main,Þróttur R.,Fjölnir,1,4,0,766030
lengjudeild,2025,main,Njarðvík,Þór,3,1,0,769779
lengjudeild,2025,main,Völsungur,Keflavík,1,1,0,765249
lengjudeild,2025,main,Selfoss,Þróttur R.,0,2,0,747989
lengjudeild,2025,main,HK,Fjölnir,3,0,0,728945
lengjudeild,2025,main,ÍR,Leiknir R.,1,0,0,769607
lengjudeild,2025,main,Fylkir,Grindavík,1,1,0,769748
lengjudeild,2025,main,Þróttur R.,Njarðvík,2,2,0,766057
lengjudeild,2025,main,Keflavík,Fylkir,1,1,0,761993
lengjudeild,2025,main,Fjölnir,Selfoss,0,2,0,596103
lengjudeild,2025,main,Þór,ÍR,1,1,0,716866
lengjudeild,2025,main,Leiknir R.,Völsungur,3,1,0,760417
lengjudeild,2025,main,Grindavík,HK,2,1,0,767936
lengjudeild,2025,main,ÍR,Þróttur R.,2,1,0,769599
lengjudeild,2025,main,Fylkir,Leiknir R.,1,2,0,769692
lengjudeild,2025,main,Njarðvík,Fjölnir,1,1,0,769776
lengjudeild,2025,main,Þór,Völsungur,1,3,0,716871
lengjudeild,2025,main,HK,Selfoss,4,1,0,728928
lengjudeild,2025,main,Leiknir R.,Grindavík,2,6,0,760494
lengjudeild,2025,main,Selfoss,Njarðvík,0,4,0,747852
lengjudeild,2025,main,Keflavík,HK,0,3,0,761992
lengjudeild,2025,main,Fjölnir,ÍR,0,3,0,596174
lengjudeild,2025,main,Þór,Fylkir,4,1,0,716929
lengjudeild,2025,main,Þróttur R.,Völsungur,4,1,0,766060
lengjudeild,2025,main,Völsungur,Fjölnir,2,1,0,765195
lengjudeild,2025,main,Grindavík,Þór,3,4,0,767940
lengjudeild,2025,main,ÍR,Selfoss,2,0,0,769591
lengjudeild,2025,main,Fylkir,Þróttur R.,1,2,0,769666
lengjudeild,2025,main,HK,Njarðvík,1,3,0,728890
lengjudeild,2025,main,Keflavík,Leiknir R.,6,0,0,761991
lengjudeild,2025,main,Þróttur R.,Grindavík,2,4,0,766055
lengjudeild,2025,main,Þór,Keflavík,2,4,0,716934
lengjudeild,2025,main,Selfoss,Völsungur,1,2,0,747610
lengjudeild,2025,main,Leiknir R.,HK,0,1,0,760563
lengjudeild,2025,main,Njarðvík,ÍR,1,1,0,769799
lengjudeild,2025,main,Fjölnir,Fylkir,1,1,0,596333
lengjudeild,2025,main,Njarðvík,Völsungur,5,1,0,769791
lengjudeild,2025,main,Grindavík,Fjölnir,3,3,0,767924
lengjudeild,2025,main,Fylkir,Selfoss,2,0,0,769750
lengjudeild,2025,main,HK,ÍR,1,1,0,728887
lengjudeild,2025,main,Keflavík,Þróttur R.,0,1,0,761990
lengjudeild,2025,main,Leiknir R.,Þór,1,4,0,760588
lengjudeild,2025,main,ÍR,Völsungur,1,0,0,700579
lengjudeild,2025,main,Þróttur R.,Leiknir R.,1,1,0,766053
lengjudeild,2025,main,Njarðvík,Fylkir,1,1,0,769783
lengjudeild,2025,main,Fjölnir,Keflavík,1,3,0,700578
lengjudeild,2025,main,Þór,HK,1,1,0,716943
lengjudeild,2025,main,Selfoss,Grindavík,2,1,0,747512
